-- MySQL dump 10.13  Distrib 8.0.20, for macos10.15 (x86_64)
--
-- Host: localhost    Database: Cordie
-- ------------------------------------------------------
-- Server version	8.0.20

/*!40101 SET @OLD_CHARACTER_SET_CLIENT=@@CHARACTER_SET_CLIENT */;
/*!40101 SET @OLD_CHARACTER_SET_RESULTS=@@CHARACTER_SET_RESULTS */;
/*!40101 SET @OLD_COLLATION_CONNECTION=@@COLLATION_CONNECTION */;
/*!50503 SET NAMES utf8mb4 */;
/*!40103 SET @OLD_TIME_ZONE=@@TIME_ZONE */;
/*!40103 SET TIME_ZONE='+00:00' */;
/*!40014 SET @OLD_UNIQUE_CHECKS=@@UNIQUE_CHECKS, UNIQUE_CHECKS=0 */;
/*!40014 SET @OLD_FOREIGN_KEY_CHECKS=@@FOREIGN_KEY_CHECKS, FOREIGN_KEY_CHECKS=0 */;
/*!40101 SET @OLD_SQL_MODE=@@SQL_MODE, SQL_MODE='NO_AUTO_VALUE_ON_ZERO' */;
/*!40111 SET @OLD_SQL_NOTES=@@SQL_NOTES, SQL_NOTES=0 */;

--
-- Table structure for table `collaborator`
--

DROP TABLE IF EXISTS `collaborator`;
/*!40101 SET @saved_cs_client     = @@character_set_client */;
/*!50503 SET character_set_client = utf8mb4 */;
CREATE TABLE `collaborator` (
  `diagram_id` bigint unsigned NOT NULL,
  `user_id` bigint unsigned NOT NULL,
  PRIMARY KEY (`user_id`,`diagram_id`),
  KEY `diagram_id` (`diagram_id`),
  CONSTRAINT `collaborator_ibfk_1` FOREIGN KEY (`diagram_id`) REFERENCES `diagram` (`diagram_id`),
  CONSTRAINT `collaborator_ibfk_2` FOREIGN KEY (`user_id`) REFERENCES `user` (`user_id`)
) ENGINE=InnoDB DEFAULT CHARSET=latin1;
/*!40101 SET character_set_client = @saved_cs_client */;

--
-- Dumping data for table `collaborator`
--

LOCK TABLES `collaborator` WRITE;
/*!40000 ALTER TABLE `collaborator` DISABLE KEYS */;
INSERT INTO `collaborator` VALUES (2,4),(2,8),(2,9),(3,2),(3,3),(3,4),(3,8),(7,3),(7,4),(9,3),(9,4),(10,2),(10,3),(10,4),(11,3),(11,4),(18,2),(18,4);
/*!40000 ALTER TABLE `collaborator` ENABLE KEYS */;
UNLOCK TABLES;

--
-- Table structure for table `diagram`
--

DROP TABLE IF EXISTS `diagram`;
/*!40101 SET @saved_cs_client     = @@character_set_client */;
/*!50503 SET character_set_client = utf8mb4 */;
CREATE TABLE `diagram` (
  `diagram_id` bigint unsigned NOT NULL AUTO_INCREMENT,
  `creator` bigint unsigned NOT NULL,
  `title` varchar(30) DEFAULT NULL,
  `date_last_edited` timestamp NULL DEFAULT NULL,
  `date_created` datetime DEFAULT NULL,
  `description` varchar(300) DEFAULT NULL,
  `diagram_content` blob,
  PRIMARY KEY (`diagram_id`),
  KEY `creator` (`creator`),
  CONSTRAINT `diagram_ibfk_1` FOREIGN KEY (`creator`) REFERENCES `user` (`user_id`)
) ENGINE=InnoDB AUTO_INCREMENT=25 DEFAULT CHARSET=latin1;
/*!40101 SET character_set_client = @saved_cs_client */;

--
-- Dumping data for table `diagram`
--

LOCK TABLES `diagram` WRITE;
/*!40000 ALTER TABLE `diagram` DISABLE KEYS */;
INSERT INTO `diagram` VALUES (2,4,'Another Diagram','2012-03-28 02:17:59','2012-03-29 10:17:59','',_binary '<?xml version=\"1.0\" encoding=\"UTF-8\"?>\r\n<diagram>\r\n  <ellipse x=\"37\" y=\"113\" width=\"226\" height=\"78\" fillcolor=\"255,255,255,1\" rotate=\"0\" linewidth=\"2\" linejoin=\"round\" linecap=\"round\" strokestyle=\"0,0,0,1\" />\r\n  <arrowhead x=\"603.5\" y=\"16.500000000000014\" width=\"152.0279579551077\" height=\"143.76598128423223\" fillcolor=\"107,151,255,1\" rotate=\"45\" linewidth=\"2\" linejoin=\"round\" linecap=\"round\" strokestyle=\"0,0,0,1\" />\r\n  <text fontstyle=\"normal\" fontweight=\"normal\" fontsize=\"14\" fontfamily=\"sans-serif\" x=\"348\" y=\"200\" width=\"200\" height=\"80\" label=\"ddsgds\" textcolor=\"0,0,0,1\" rotate=\"0\" />\r\n  <text fontstyle=\"normal\" fontweight=\"normal\" fontsize=\"100\" fontfamily=\"sans-serif\" x=\"38\" y=\"32\" width=\"347\" height=\"117\" label=\"Test\" textcolor=\"255,77,249,1\" rotate=\"0\" />\r\n  <bezier x1=\"332\" y1=\"455\" x2=\"623\" y2=\"268\" ctrl1x=\"429\" ctrl1y=\"455\" ctrl2x=\"414\" ctrl2y=\"213\" arrowstyle1=\"none\" arrowstyle2=\"none\" linestyle=\"solid\" linewidth=\"2\" linejoin=\"round\" linecap=\"round\" strokestyle=\"0,0,0,1\" />\r\n  <text fontstyle=\"normal\" fontweight=\"normal\" fontsize=\"14\" fontfamily=\"sans-serif\" x=\"356\" y=\"56\" width=\"87\" height=\"21\" label=\"sdgsdgds\" textcolor=\"0,0,0,1\" rotate=\"0\" />\r\n  <ellipse x=\"482\" y=\"261\" width=\"194\" height=\"174\" fillcolor=\"251,122,255,1\" rotate=\"0\" linewidth=\"2\" linejoin=\"round\" linecap=\"round\" strokestyle=\"0,0,0,1\" />\r\n  <text fontstyle=\"normal\" fontweight=\"normal\" fontsize=\"20\" fontfamily=\"sans-serif\" x=\"43\" y=\"215\" width=\"298\" height=\"70\" label=\"2020-06-23_22-50\" textcolor=\"0,0,0,1\" rotate=\"0\" />\r\n  <rectangle x=\"231\" y=\"153\" width=\"281\" height=\"108\" fillcolor=\"94,196,255,1\" rotate=\"0\" linewidth=\"2\" linejoin=\"round\" linecap=\"round\" strokestyle=\"114,255,110,1\" />\r\n  <ellipse x=\"40\" y=\"325\" width=\"268\" height=\"107\" fillcolor=\"255,255,255,1\" rotate=\"0\" linewidth=\"2\" linejoin=\"round\" linecap=\"round\" strokestyle=\"0,0,0,1\" />\r\n</diagram>\r\n\r\n'),(3,4,'Diagram 3','2012-03-28 02:29:30','2012-03-29 10:29:30','another example diagram',_binary '<?xml version=\"1.0\" encoding=\"UTF-8\"?>\r\n<diagram>\r\n  <ellipse x=\"366\" y=\"146\" width=\"219\" height=\"56\" fillcolor=\"255,255,255,1\" rotate=\"0\" linewidth=\"2\" linejoin=\"round\" linecap=\"round\" strokestyle=\"0,0,0,1\" />\r\n</diagram>\r\n\r\n'),(7,4,'1','2012-04-23 18:24:53','2012-04-24 02:24:53','',_binary '<?xml version=\"1.0\" encoding=\"UTF-8\"?>\r\n<diagram>\r\n  <text fontstyle=\"normal\" fontweight=\"normal\" fontsize=\"14\" fontfamily=\"sans-serif\" x=\"79\" y=\"106\" width=\"200\" height=\"80\" label=\"dsdgsdgsd\" textcolor=\"0,0,0,1\" rotate=\"0\" />\r\n</diagram>\r\n\r\n'),(9,4,NULL,'2012-05-20 13:05:08','2012-05-20 21:05:08',NULL,_binary '<?xml version=\"1.0\" encoding=\"UTF-8\"?>\r\n<diagram>\r\n  <package2 fillcolor=\"255,255,255,1\" fontstyle=\"normal\" fontweight=\"normal\" fontsize=\"14\" fontfamily=\"sans-serif\" height=\"166\" label=\"Package\" linewidth=\"2\" linejoin=\"round\" linecap=\"round\" rotate=\"0\" strokestyle=\"0,0,0,1\" textcolor=\"0,0,0,1\" width=\"567\" x=\"127\" y=\"34\" />\r\n  <path points=\"393,138 395,138 402,138 411,138 420,138 430,140 435,142 442,146 445,149 447,152 448,155 449,159 449,161 449,164 449,168 448,172 445,178 439,187 428,199 417,212 404,225 392,235 378,247 360,262 344,274 325,286 310,294 295,300 283,305 273,308 266,309 260,309 254,309 251,307 248,303 245,298 244,292 244,282 244,266 248,255 256,240 275,218 289,209 302,204 329,201 354,201 380,204 408,214 433,227 457,241 470,250 486,261 498,270 510,276 519,280 527,281 541,282 555,276 564,269 575,258 582,246 586,235 586,223 585,212 573,196 556,185 536,178 511,175 487,175 467,180 455,189 439,206 421,252 413,295 407,328 398,362 393,380 387,396 381,406 376,414 369,422 359,430 347,437 334,442 322,445 304,445 289,443 274,432 257,416 239,391 218,343 209,308 207,289 207,274 207,262 208,253 216,249 230,248 259,248 297,260 348,279 400,305 451,332 509,365 542,384 562,393 582,401 591,403 603,404 611,404 611,404\" linewidth=\"5\" linejoin=\"round\" linecap=\"square\" strokestyle=\"255,193,69,1\" />\r\n</diagram>\r\n\r\n'),(10,4,NULL,'2012-05-20 13:05:08','2012-05-20 21:05:08',NULL,NULL),(11,4,NULL,'2012-05-20 13:05:08','2012-05-20 21:05:08','\'',NULL),(18,4,'My Own Diagram','2012-10-01 18:09:55','2012-10-02 02:09:55','',NULL);
/*!40000 ALTER TABLE `diagram` ENABLE KEYS */;
UNLOCK TABLES;
/*!50003 SET @saved_cs_client      = @@character_set_client */ ;
/*!50003 SET @saved_cs_results     = @@character_set_results */ ;
/*!50003 SET @saved_col_connection = @@collation_connection */ ;
/*!50003 SET character_set_client  = utf8 */ ;
/*!50003 SET character_set_results = utf8 */ ;
/*!50003 SET collation_connection  = utf8_general_ci */ ;
/*!50003 SET @saved_sql_mode       = @@sql_mode */ ;
/*!50003 SET sql_mode              = 'STRICT_TRANS_TABLES,NO_ENGINE_SUBSTITUTION' */ ;
DELIMITER ;;
/*!50003 CREATE*/ /*!50017 DEFINER=`root`@`localhost`*/ /*!50003 TRIGGER `after_insert_diagram` AFTER INSERT ON `diagram` FOR EACH ROW BEGIN
    INSERT INTO collaborator (diagram_id, user_id) VALUES (NEW.diagram_id, NEW.creator);
END */;;
DELIMITER ;
/*!50003 SET sql_mode              = @saved_sql_mode */ ;
/*!50003 SET character_set_client  = @saved_cs_client */ ;
/*!50003 SET character_set_results = @saved_cs_results */ ;
/*!50003 SET collation_connection  = @saved_col_connection */ ;
/*!50003 SET @saved_cs_client      = @@character_set_client */ ;
/*!50003 SET @saved_cs_results     = @@character_set_results */ ;
/*!50003 SET @saved_col_connection = @@collation_connection */ ;
/*!50003 SET character_set_client  = utf8 */ ;
/*!50003 SET character_set_results = utf8 */ ;
/*!50003 SET collation_connection  = utf8_general_ci */ ;
/*!50003 SET @saved_sql_mode       = @@sql_mode */ ;
/*!50003 SET sql_mode              = 'STRICT_TRANS_TABLES,NO_ENGINE_SUBSTITUTION' */ ;
DELIMITER ;;
/*!50003 CREATE*/ /*!50017 DEFINER=`root`@`localhost`*/ /*!50003 TRIGGER `before_delete_diagram` BEFORE DELETE ON `diagram` FOR EACH ROW BEGIN
    DELETE FROM collaborator WHERE diagram_id = OLD.diagram_id;
END */;;
DELIMITER ;
/*!50003 SET sql_mode              = @saved_sql_mode */ ;
/*!50003 SET character_set_client  = @saved_cs_client */ ;
/*!50003 SET character_set_results = @saved_cs_results */ ;
/*!50003 SET collation_connection  = @saved_col_connection */ ;

--
-- Table structure for table `user`
--

DROP TABLE IF EXISTS `user`;
/*!40101 SET @saved_cs_client     = @@character_set_client */;
/*!50503 SET character_set_client = utf8mb4 */;
CREATE TABLE `user` (
  `user_id` bigint unsigned NOT NULL AUTO_INCREMENT,
  `username` varchar(25) NOT NULL,
  `password` varchar(50) DEFAULT NULL,
  `firstname` varchar(25) DEFAULT NULL,
  `lastname` varchar(25) DEFAULT NULL,
  `email` varchar(50) DEFAULT NULL,
  `displaypic` varchar(200) DEFAULT NULL,
  `display_image` longblob,
  PRIMARY KEY (`user_id`),
  UNIQUE KEY `username` (`username`)
) ENGINE=InnoDB AUTO_INCREMENT=11 DEFAULT CHARSET=latin1;
/*!40101 SET character_set_client = @saved_cs_client */;

--
-- Dumping data for table `user`
--

LOCK TABLES `user` WRITE;
/*!40000 ALTER TABLE `user` DISABLE KEYS */;
INSERT INTO `user` VALUES (2,'gem.villarico','SP5dBQ/utkw3kB+3BIhmOA==','Gem','Villarico','gmv14_silver@yahoo.com','gem.villarico',NULL),(3,'firefox','SP5dBQ/utkw3kB+3BIhmOA==','Mozilla','Firefox','','firefox.jpg',NULL),(4,'mico','SP5dBQ/utkw3kB+3BIhmOA==','Mico_2020-06-25_00-56','Gonzales','mico_2020-06-25_00-10@mail.com','mico',_binary '\\\0JFIF\0\0H\0H\0\0\BExif\0\0II*\0\0\0\0	\0\0\0\0\0z\0\0\0\0\0\0\0\0\0\0\0\0\0\0\0\0\0\Z\0\0\0\0\0\0\0\0\0\0\0\0\0\0(\0\0\0\0\0\0\02\0\0\0\0\0\0\0\0\0\0\0\0\0\0i\0\0\0\0\0\0\0$\0\0Canon\0Canon EOS 20D\0H\0\0\0\0\0\0H\0\0\0\0\0\02007:08:02 09:39:09\0\0\0\0\0\0\0	\0\0\0\0\0\0\0\0\"\0\0\0\0\0\0\0\'\0\0\0\0d\0\0\0\0\0\0\0\00221\0\0\0\0\0\0\0\0\0\0.\0\0\0\0\0\0\0\n\0\0\0\0C\0\0\0\0\0\0K\0\0\n\0\0\0\0S\0\0\0\0\0\0\0\0\0	\0\0\0\0\0\0\0\n\0\0\0\0[\0\0|\0i \0\0c\0\0\0\0\0\\"\0\0\0\0\0\0\00100\0\0\0\0\0\0\0\0\0\0\0\\0\0\0\0\0\0 	\0\0\0\0\0\0\#\0\0\0\0\0\0\#\0\0\0\0\0\0\#\0\0\0\0\0\0\0\0\0\0\0\0\0\0\0\0\0\0\0\0\0\0\0\0\0\0\0\0\0\0\0\0\0\0\0\0\0\0\0\0\0\0\0\0\0\0\0\\0\0\0\n\0\0\0\0\0\02007:07:30 19:27:12\0\02007:07:30 19:27:12\0\0Ԥ\0\0\0\0Ԥ\0\0\0\0\0\0\0\0\0\0\0/\0\0\0\0\0\0\0\0\0.\0\0\0\0\0\0\0\0\0\0\\0\0\0\0\0\0\0\\0\0\0\0\"\0\0\0\\0\0\0\0\0\0\09\0\0\0\0\0\0\0G\0\0	\0\0\0\0\0V\0\0\0\0\0\0\0?\r\0\0\0\0\0^\0\0\0\0\0\0\0^\0\0\0\0\0\0\0u\0\0\0\0\0\0\0\0\0\0\0\0\0\0\0\0\0\0\0\0\0\0\0\0\0\0\0\0\0\0\0\0\0\0\0\0\0\0\0\0\0\0\0\0\0\\0\0\0\0\0\0\0\\0\0\0\0\0\0\0\0	\0\0\\0\0\0\0\0\0\0\0\0\\0\0\0\0\0\n	\0\0@\0F\0\0,	\0\0@\0t\n\0\0\r\0\0@\0\0\0\0\"\0\0\0\0\0\0\\\0\0\0\0\0\0\0\0\0\0\0\0\0\0\0\0\0\0\0\0\0\0\0\0\0\0\0\0\0\0\0\07\0\0\0\0\0\0\0\0\0\0\0\0\0\0\0\0\0\0\0\0\0\0\0\0\0\0/\0]d\0\0\0\0\0\0\0D\0\0\0\0X\0\\0\\0\0\0\0\0\0\0\0\0\0\0\0\0\0\0\0\0\0\0\0\0\0\0\0\0\0\0\\0l\0\0\0\0\0\0\0\0\0\0\0\0\0\0\0\0\0\0Canon EOS 20D\0Firmware 1.0.5\0unknown\0\0\0\0\0\0\0\0\0\0\0\0\0\0\0\0\0\0\0\0\0\0\0\0\0\0\0\0\0\0\0\0\0\0\0\0\0\0\0\0\0\0\0\0\0\0\0\0\0\0\0\0\0\0\0\0\0\0\0\0\0\0\0\0\0\0\0\0\0\0\0\0\0\0\0\0\0\0\0\0\0\0\0\0\0\0\0\0\0\0\0\0\0\0\0\0\0\0\0\0\0\0\0\0\0\0\0\0\0\0\0\0\0\0\0\0\0\0\0\0\0\0\0\0\0\0\0\0\0\0\0\0\0\0\0\0\0\0\0\0\0\0\0\0\0\0\0\0\0\0\0\0\0\0\0\0\0\0\0\0\0\0\0\0\0\0\0\0\0\0\0\0\0\0\0\0\0\0\0\0\0\0\0\0\0\0\0\0\0\0\0\0\0\0\0\0\0\0\0\0\0\0\0\0\0\0\0\0\0\0\0\0\0\0\0\0\0\0\0\0\0\0\0\0\0\0\0\0\0\0\0\0\0\0\0\0\0\0\0\0\0\0\0\0\0\0\0\0\0\0\0\0\0\0\0\0\0\0\0\0\0\0\0\0\0\0\0\0\0\0\0\0\0\0\0\0\0\0\0\0\0\0\0\0\0\0\0\0\0\0\0\0\0\0\0\0\0\0\0\0\0\0\0\0\0\0\0\0\0\0\0\0\0\0\0\0\0\0\0\0\0\0\0\0\0\0\0\0\0\0\0\0\0\0\0\0\0\0\0\0\0\0\0\0\0\0\0\0\0\0\0\0\0\0\0\0\0\0\0\0\0\0\0\0\0\0\0\0\0\0\0\0\0\0\0\0\0\0\0\0\0\0\0\0\0\0\0\0\0\0\0\0\0\0\0\0\0\0\0\0\0\0\0\0\0\0\0\0\0\0\0\0\0\0\0\0\0\0\0\0\0\0\0\0\0\0\0\0\0\0\0\0\0\0\0\0\0\0\0\0\0\0\0\0\0\0\0\0\0\0\0\0\0\0\0\0\0\0\0\0\0\0\0\0\0\0\0\0\0\0\0\0\0\0\0\0\0\0\0\0\0\0\0\0\0\0\0\0\0\0\0\0\0\0\0\0\0\0\0\0\0\0\0\0\0\0\0\0\0\0\0\0\0\0\0\0\0\0\0\0\0\0\0\0\0\0\0\0\0\0\0\0\0\0\0\0\0\0\0\0\0\0\0\0\0\0\0\0\0\0\0\0\0\0\0\0\0\0\0\0\0\0\0\0\0\0\0\0\0\0\0\0\0\0\0\0\0\0\0\0\0\0\0\0\0\0\0\0\0\0\0\0\0\0\0\0\0\0\0\0\0\0\0\0\0\0\0\0\0\0\0\0\0\0\0\0\0\0\0\0\0\0\0\0\0\0\0\0\0\0\0\0\0\0\0\0\0\0\0\0\0\0\0\0\0\0\0\0\0\0\0\0\0\0\0\0\0\0\0\0\0\0\0\0\0\0\0\0\0\0\0\0\0\0\0\0\0\0\0\0\0\0\0\0\0\0\0\0\0\0\0\0\0\0\0\0\0\0\0\0\0\0\0\0\0\0\0\0\0\0\0\0\0\0\0\0\0\0\0\0\0\0\0\0\0\0\0\0\0\0\0\0\0\0\0\0\0\0\0\0\0\0\0\0\0\0\0\0\0\0\0\0\0\0\0\0\0\0\0\0\0\0\0\0\0\0\0\0\0\0\0\0\0\0\0\0\0\0\0\0\0\0\0\0\0\0\0\0\0\0\0\0\0\0\0\0\0\0\0\0\0\0\0\0\0\0\0\0\0\0\0\0\0\0\0\0\0\0\0\0\0\0\0\0\0\0\0\0\0\0\0\0\0\0\0\0\0\0\0\0\0\0\0\0\0\0\0\0\0\0\0\0\0\0\0\0\0\0\0\0\0\0\0\0\0\0\0\0\0\0\0\0\0\0\0\0\0\0\0\0\0\0\0\0\0\0\0\0\0\0\0\0\0\0\0\0\0\0\0\0\0\0\0\0\0\0\0\0\0\0\0\0\0\0\0\0\0\0\0\0\0\0\0\0\0\0\0\0\0\0\0\0\0\0\0\0\0\0\0\0\0\0\0\0\0\0\0\0\0\0\0\0\0\0\0\0\0\0\0\0\0\0\0\0\0\0\0\0\0\0\0\0\0\0\0\0\0\0\0\0\0\0\0\0\0\0\0\0\0\0\0\0\0\0\0\0\0\0\0\0\0\0\0\0\0\0\0\0\0\0\0\0\0\0\0\0\0\0\0\0\0\0\0\0\0&\0\0\0\0\0\0\0\0\0\0\0\0	\0\n\0\0\0\r\0\0\0\0	\0	\0\r 	\r 	N\0N\0\0\;]\0\;\0\0\0\0\0\0\0\0\0p\0 \0,\0\0\0\0\0\0\0\0\0\0\0\0\0\0\0\0\0\0\0\0\0\0\0\0\0\0\0\0\0\0\0\0\0\0\0\0\0\0\0\0\0\0\0\0\0\0\0\n\0\\0\0i\"\08	\0\0T\0\02	\0\0\0\0\0\0\0\0\0\0\0\0\0\0\0\0P\0\0{E\0\0)\0\0*\0\'&j\0\\0[Z\0\0cb\\P\XI\'puB	\\gc\0\$-\&\@\aX\\ZHp\l\\P.Nd\\0l?\0\Y\0p\\\0\r\\0\>7\8m	\\'\'\'\'\'\'\'\'\'\'\'\'\'\'\'\0\0\0\0\0\0\0\0\0\0-\0#\0,\0\0\0\0\0\0\0\0\0 \0\"\0\"\0\0\0\0\0X\0\0~\0]\0O\0K\0D\0\'\0#\0$\0&\0(\0&\0#\0\0|\0\0\0|\0W\0M\0T\0S\05\03\00\03\0/\0\'\0#\0b\0]\0]\0|\0M\0G\0F\0B\0R\0J\0>\0R\0I\0N\0-\0(\0\0\0\0\0\0\0?\06\0C\0\0\0.\0,\0(\0\'\0\'\0(\0(\0)\0&\0\0\0\0\0\0@\\0\0\0\0u\0<\02\03\04\05\00\0(\0\\0\\0\\0G\\0\0\0\0\0Y\0U\0P\0U\0L\07\0,\0\0\0\0\\0~\0m\0m\0i\0\0\0m\0\0\0\0L\0=\0\0\0\0\0\0\0I\09\0E\0\0\00\0-\0)\0\'\0&\0(\0(\0(\0#\0\0\0\0\0\0@\\0\0\0}\0o\0;\02\01\03\03\0.\0&\0\0G\\0\0\0\0\0T\0N\0F\0I\0B\01\0\'\0\\0\0\0\\0\0{\0y\0p\0\0z\0a\0~\0l\0r\0;\00\0\0\0\0\0\0\01\0)\01\0\0\0\0\0\0\0\0\0\0\0\0\0\0\0\0\0\\0\0u\0a\0W\0J\0#\0\0\0\0\Z\0\0\0\\0\\0\\0\\0\0h\0Y\0^\0Z\03\0/\0*\0+\0&\0\0\0\0\0\0\0T\0E\0C\0?\0Y\0M\0;\0N\0A\0D\0\"\0\0\0\0\0\0\0\0\0\0\0\0\0\0\0\0\0\0\0\0\0\0\0\0\0\0\0\0\0\0\0\0\0\0\0\0\0\0\0\0\0\0\0\0\0\0\0\0\0\0\0\0\0\0\0\0\0\0\0\0\0\0\0\0\0\0\0\0\0\0\0\0\0\0\0\0\0\0\0\0\0\0\0\0\0\0\0\0\0\0\0\0\0\0\0\0\0\0\0\0\0\0\0\0\0\0\0\0\0\0\0\0\0\0\0\0\0\0\0\0\0\0\0\0\0\0\0\0\0\0\0\0\0\0\0\0\0\0\0\0\0A\0*\\\\0\\0\0\0\0\0\0\0`.\\0m(	\\z\\n>\0\0\0\'\0>\9d\0\0>\0~\0\0\0\0)\0)\0\0\04\03\0y\0\>\0\0\0\0\0\'\0Q\0Z\0#\0\0b\0\n\0\\\0\\0\0\0%\0$\0\0\0\0\0\0\0\0\0\0\0\0\0\0\0\0\0\0\0\0\0\0\n\\Z\\0\0\0\0\0\0\0\0\0\0p\s\05\0\\\0\0@\0@\0@\0\0\0sp\\0\0\0\0\\r\0x\0\\0\0,^\0;\\0U!\\\01\\0\V\0\0\V\0\0\V\0\0\0\0v\0BM\0\0\_\0\\01\\0\0\\\0L0\\\0\)\0\0\0\0\0\0\03\0:\0\01\0\0\0\0 \0 \0 \0\0\0\0\0\0\0\0K\0\0\0\0\0N\0\0\0\0\0\0\0\0\0\0\0\0\0\0\0\0 \0\0\0B\0\0\0fUp\n?\0	\0\0\0\Z\0\0?\0\r\0 \0\0\0C\0?\0\n\0)\0\0\0D\0?\0\0$\0\0\0f\0?\0\r\0 \0\n\0\0v\0(\0\0\\0\0\0\0\0\0(\0\0X\0\0\0\0\00\0\0\0\0\0\0\0\0\0\0\0\0\0\0\0\0\0\0\0\0\0\0\0\0\0\0\0\0\0\0\0\0\0\0\0\0\0\0\0\0\0\0\0\0\0\0\0\0\0\0\0\0\0\0\0\0\0\0\0\0\0\0\0\0\0\0\0\0\0\0\0\0\0\0\0\0\0\0\0\0\0\0\0\0\0\0\0\0\0\0\0\0\0\0\0\0\0\0\0\0\0\00K\t\0\0\0\0\0\0\0\0\0\0\0\0\0\0\0\0\0\0\0\0\0\0\0\0\0\0\0\0\0\0\0\0\0 \0\0\0\0\0\0\0\0\0\0\0\0\0\0\0nnnnn\0\0\0\0\0\0\0\0\0\0\0\0\0\0\0\0\0\0\0\0\0\0\0\0\0\0\0\0\0\0\0\0\0\0\0\0\0\0\0\0\0\0\0\0\0\0\0\0\0\0\0\0\0\0\0\0\0\0\0\0\0\0\0\0\0\0\0\0\0\0\0\0\0\0\0\0\0\0\0\0\0\0\0\0\0\0\0\0\0\0\0\0\0\0\0\0\0\0\0\0\0\0\0\0\0\0\0\0\0\0\0\0\0\0\0\0\0\0\0\0\0\0\0\0\0\0\0\0\0\0\0\0\0\0\0\0\0\0\0\0\0\0\0\0\0\0\0\0\0\0\0\0\0\0\0\0\0\0\0\0\0\0\0\0\0\0\0\0\0\0\0\0\0\0\0\0\0\0\0\0\0\0\0\0\0\0\0\0\0\0\0\0\0\0\0\0\0\0\0\0@\0@\0@\0@\0@\0@\0\0\0\0:\0\0(\0@\0@\02\0\0\0>\07\0\n\0#\0@\0#\00\0F\0.\07\0\0@\04\0 \0@\0\\r\0x\0\\0\0,^\0;\\0U!\\\01\\0\V\0\0\V\0\0\V\0\0\\e\)\0\\\0\0+\0\\0\1\\\0\0\\\0eW0\\0iG0\0\0\0\0\0\\r\0x\0\\0\0,^\0;\\0U!\\\01\\0\V\0\0\V\0\0\V\0\0\\e\)\0\\\0\0+\0\\0\1\\\0\0\\\0eW0\\0iG0\0\0\0\0\0\\r\0x\0\\0\0,^\0;\\0U!\\\01\\0\V\0\0\V\0\0\V\0\0\\e\)\0\\\0\0+\0\\0\1\\\0\0\\\0eW0\\0iG0\0\0\0\0\0\\r\0x\0\\0\0,^\0;\\0U!\\\01\\0\V\0\0\V\0\0\V\0\0\\e\)\0\\\0\0+\0\\0\1\\\0\0\\\0eW0\\0iG0\0\0\0\0\0\\r\0x\0\\0\0,^\0;\\0U!\\\01\\0\V\0\0\V\0\0\V\0\0\\e\)\0\\\0\0+\0\\0\1\\\0\0\\\0eW0\\0iG0\0\0\0\0\0\0\0v\0\"\0\0\e\0\!\01\\0&1\\\0\1\\\0\0\0\0\0\0\0v\0VK\0\0c\0\!\\0\1\\01\\\0\\0\\\0\0\0\0\0\0\0v\0BM\0\0\_\0\\01\\0\0\\\0L0\\\0\)\0\0\0\0\0v\0\\0\0<]\0-\\0(!\\\00\\\0\v0\\0\\0\0\0\0\0v\0]\0\0\0|T\0d\\08!\\\00\\0\0\0	\0\0\0\0\0v\0#\0\0\e\0\!\01\\0\Z1\\\0\\0\\\0\)\0\0\\0\0\0v\0VK\0\0c\0\!\\0\1\\01\\\0\0\\0\$\0\0\\0\0\0v\0BN\0\0\_\0\\01\\0\0\\\0Lv0\\0\&\0\0\\0\0\0v\0\0\0\00^\06\\0!\\\0\0\\\0\U0\0\0\\0\\0\0\0\0\0v\0]\0\0\0|T\0d\\08!\\\00\\0\0\0	\0\0\0\0\0v\0#\0\0\e\0\!\01\\0\Z1\\\0\\0\\\0\)\0\0\\0\0\0v\0VK\0\0c\0\!\\0\1\\01\\\0\0\\0\$\0\0\\0\0\0v\0BN\0\0\_\0\\01\\0\0\\\0Lv0\\0\&\0\0\\0\0\0v\0\0\0\00^\06\\0!\\\0\0\\\0\U0\0\0\\0\\0\0\0\0\0v\0]\0\0\0|T\0d\\08!\\\00\\0\0\0	\0\0\0\0\0v\0#\0\0\e\0\!\01\\0\Z1\\\0\\0\\\0\)\0\0\\0\0\0v\0VK\0\0c\0\!\\0\1\\01\\\0\0\\0\$\0\0\\0\0\0v\0BN\0\0\_\0\\01\\0\0\\\0Lv0\\0\&\0\0\\0\0\0v\0\0\0\00^\06\\0!\\\0\0\\\0\U0\0\0\\0\\0\0\0\0\0v\0]\0\0\0|T\0d\\08!\\\00\\0\0\0	\0\0\0\0\0v\0#\0\0\e\0\!\01\\0\Z1\\\0\\0\\\0\)\0\0\\0\0\0v\0VK\0\0c\0\!\\0\1\\01\\\0\0\\0\$\0\0\\0\0\0v\0BN\0\0\_\0\\01\\0\0\\\0Lv0\\0\&\0\0\\0\0\0v\0\0\0\00^\06\\0!\\\0\0\\\0\U0\0\0\\0\\0\0\0\0\0v\0]\0\0\0|T\0d\\08!\\\00\\0\0\0	\0\0\0\0\0\0\0\0P\0gd4!P\0gd4!P\0gd4!T\0gd4!T\0gd4!N\0\0\0b\0\0\0\0v\0\0\0\0\0\0\0\0\0 \0\0 \0\0 \0\Z$ \0\n\Z#\'8 \0?\0\0$\0\0\0f\0?\0\r\0 \0\n\0\0v\0?\0\0$\0\0\0f\0?\0\r\0 \0\n\0\0v\0?\0\0$\0\0\03\0?\0\r\0 \0\n\0\0v\0?\0\0\0\0\0\0\0\0\0\0\0?\0\r\0 \0\n\0\0v\0?\0\0\0\0\0\0\0\0\0\0\0?\0\r\0 \0\n\0\0v\0&\0+\00\0:\0C\0\0\0\0\0\0\0\0\0\0\0\0\0\0\0\0\0\0\0\0\0\0\0\0\0\0\0\0\0\0\0\0\0\0l\"\0\s\05\0\\9l\"\0\s\05\0\\9Xl\"\0\s\05\0\\9l\"\0\s\05\0\\9l\"\0\s\05\0\\9Xl\"\0\s\05\0\\9l\"\0\s\05\0\\9l\"\0\s\05\0\\9Xl\"\0\s\05\0\\9l\"\0\s\05\0\\9l\"\0\s\05\0\\9Xl\"\0\s\05\0\\9l\"\0\s\05\0\\9l\"\0\s\05\0\\9Xl\"\0\s\05\0\\9b\0}\0:\0\\#nb\0}\0:\0\\#nXb\0}\0:\0\\#np#\0\y\0O\0\%mp#\0\y\0O\0\%mXp#\0\y\0O\0\%mE\0\Z\0-\0\\aE\0\Z\0-\0\\aXE\0\Z\0-\0\\as\\0\05\0\\,rs\\0\05\0\\,rXs\\0\05\0\\,rn\\0\8\0\r\0\\/Qn\\0\8\0\r\0\\/QXn\\0\8\0\r\0\\/Q\\\0\0\0\\\0\0\0X\\\0\0\0\0\0\0\0\0\0X\0\0\0\0\0\0\0\0\0\0\0\0\0\0\0\0\0\0\0X\0\0\0\0\0\0\0\0\0\0\0\0\0\0\0\0X\0\0\0\0\0\0\\0\0\0\0\\0\0X\0\0\\0\0\\\0\0\0\\\0\0\0X\\\0\0\0\0\0\0\0\0\0X\0\0\0\0\0\0\0\0\0\0\0\0\0\0\0\0\0\0\0X\0\0\0\0\0\0\0\0\0\0\0\0\0\0\0\0X\0\0\0\0\r\0\0\\0\0\r\0\0\\0\0X\r\0\0\\0\0n\0d\0\0\0\0\\0\0n\0d\0\0\0\0\\0\0n\0d\0\0\0\0\\0\0n\0d\0\0\0\0\\0\0n\0d\0\0\0\0\\0\0}\0n\0z\0\0\0\0	\0}\0n\0z\0\0\0\0	\0}\0n\0z\0\0\0\0	\0}\0n\0z\0\0\0\0	\0}\0n\0z\0\0\0\0	\0\0p\0s\0	\0\0\\0\0\0p\0s\0	\0\0\\0\0\0p\0s\0	\0\0\\0\0\0p\0s\0	\0\0\\0\0\0p\0s\0	\0\0\\0\0\0z\0w\0\n\0	\0\0\0\0z\0w\0\n\0	\0\0\0\0z\0w\0\n\0	\0\0\0\0z\0w\0\n\0	\0\0\0\0z\0w\0\n\0	\0\0\0\0|\0}\0\0\0\0\0\0|\0}\0\0\0\0\0\0|\0}\0\0\0\0\0\0|\0}\0\0\0\0\0\0|\0}\0\0\0\0\0d\0Z\0\0\0\0\0\0d\0Z\0\0\0\0\0\0d\0Z\0\0\0\0\0\0d\0Z\0\0\0\0\0\0d\0Z\0\0\0\0\0\0n\0d\0\0\0\0\\0\0n\0d\0\0\0\0\\0\0n\0d\0\0\0\0\\0\0n\0d\0\0\0\0\\0\0n\0d\0\0\0\0\\0\0}\0n\0{\0\0\0\0	\0}\0n\0{\0\0\0\0	\0}\0n\0{\0\0\0\0	\0}\0n\0{\0\0\0\0	\0}\0n\0{\0\0\0\0	\0\0p\0s\0	\0\0\\0\0\0p\0s\0	\0\0\\0\0\0p\0s\0	\0\0\\0\0\0p\0s\0	\0\0\\0\0\0p\0s\0	\0\0\\0\0\0z\0w\0\n\0	\0\0\0\0z\0w\0\n\0	\0\0\0\0z\0w\0\n\0	\0\0\0\0z\0w\0\n\0	\0\0\0\0z\0w\0\n\0	\0\0\0\0\0\0\0\0\0\0\0\0\0\n\0\0\0\0\Z\0\0\"\0&\0*\0.\02\06\0:\0>\0B\0F\0J\0N\0R\0V\0Z\0^\0b\0f\0j\0n\0r\0v\0z\0~\0\0\0\0\0\0\0\0\0\0\0\0\0\0\0\0\0\\0\\0\\0\\0\\0\\0\\0\\0\\0\\0\\0\\0\\0\\0\0\0\n\Z\"&*048<@DHLPTZ^bhlpvz\\\\\\\\(08BJT\\fpx\\\\\\Z&4BN\\jx\\\\"4FXj|\\\\"6H\\n\\\\n2FZn\\\0F^t\\\n$>Zv\\	$	B	`	~			\		\Z\n:\nZ\nz\n\n\n\\n\n@b\\4X|\\\r6\r\\\r\r\r\\r\r\0\0\0\0\0\0\0\0\0\0\0\0\0\0\0\0\0\0\0\0\0\0\0\0\0\0\0\0\0\0\0\0\0\0\0\0\0\0\0\0\0\0\0\0\0\0\0\0\0\0\0\0\0\0\0\0\0\0\0\0\0\0\0\0\0\0\0\0\0\0\0\0\0\0\0\0\0\0\0\0\0\0\0\0\0\0\0\0\0\0\0\0\0\0\0\0\0\0\0\0\0\0\0\0\0\0\0\0\0\0\0\0\0\0\0\0\0\0\0\0\0\0\0\0\0\0\0\0\0\0\0\0\0\0\0\0\0\0\0\0\0\0\0\0\0\0\0\0\0\0\0\0\0\0\0\0\0\0\0\0\0\0\0\0\0\0\0\0\0\0\0\0\0\0\0\0\0\0\0\0\0\0\0\0\0\0\0\0\0\0\0\0\0\0\0\0\0\0\0\0\0\0\0\0\0\0\0\0\0\0\0\0\0\0\0\0\0\0\0\0\0\0\0\0\0\0\0\0\0\0\0\0\0\0\0\0\0\0\0\0\0\0\0\0\0\0\0\0\0\0\0\0\0\0\0\0\0\0\0\0\0\0\0\0\0\0\0\0\0\0\0\0\0\0\0\0\0\0\0\0\0\0\0\0\0\0\0\0\0\0\0\0\0\0\0\0\0\0\0\0\0\0\0\0\0\0\0\0\0>\0\0\0B)\0\0\0\0\0\0\0\0\0$\0\0\0\0\0\0\00100\0\0\0\0R98\0\0\0\0\0\0\0\0\0\0\Z\0\0\0\0a$\0\0\0\0\0\0i$\0\0(\0\0\0\0\0\0\0\0\0\0\0q$\0\0\0\0\0\0\0\0\0\0\0\0\0\0\0\0\0\0\0\0H\0\0\0\0\0\0H\0\0\0\0\0\0\\0\0\0\0\\0\0\n\r\r\r\Z\Z\n\n\\0\0\0\0\0\0\0\0\0\0	\n\0\0\0}\0!1AQa\"q2#BR\\$3br	\n\Z%&\'()*456789:CDEFGHIJSTUVWXYZcdefghijstuvwxyz\\\\\\\\\\\\\\\\\\\\\\\\\\\\\\\\\\\\0\0\0\0\0\0\0	\n\0\0w\0!1AQaq\"2B	#3R\br\\n$4\%\\Z&\'()*56789:CDEFGHIJSTUVWXYZcdefghijstuvwxyz\\\\\\\\\\\\\\\\\\\\\\\\\\\\\\\\\\\0\0\0?\0=Al?\;	hL¦,9W4G^״\\S\> \\\$\ݢ|\\\\\k\X\\$5\\\0_S\W[2{SGG-\Q9\Ľ\\]no\-\\\\\\+ΝZճ҅\ZP\#\;^\^M^\\ݺY\\Wh\\ţ诃6c\\Ʊ\n\4SIF\X\\䭗S\&h-[PdO\⽜>.׻c\\a\'A\C\9A\\\ \0\0VU\ci\S\\r\\\\@\r2њBNM\0~N~\ߴ&\\rK_:\\]\\G\o\"8\Q۞\\\xU\\\\\P\\\ǋ^\E$\\0TW}\n^2H\q\\i\\C\)[[VZ=	=\rG\SZ\iSF\pºUԎ\\"Tϫ<\\v\Zv5\\:,s\\\$\\ZZ\\\0ڲ\,\\\"\Lr\"`X\#ߓ\.`\u]\;)\~\\k;\5Hlf\\Ue`{+ی\ǃ(=\G\'d@UjqL\1\`\ ۃ@\(J\\<o\\ԿxTK;TC&F\\\\q\r;a\sW?>*xc^aj\\o\0xZrQ\l\\u`\j{$s:%啕\\r\r\c,\Zִ\'(M\hN\ع\/y\\E\TZz\\\\c᳧jrf\t\28ϡP5N\8\F\O\O\'\\7#?z\\\=ŉ\\etO\0\\\\	\\kI\M\Z:+\\\\\'\"<\\CQ*w6kj}c.\?ؗPh\̮\\\Y{z&&XiZ_1\`㉏<~%oG\"ʊ\0d`\n=k\v>V3\P\hz\bc\0\#\/(l~{M\Ͻ֑\\n\\ݰr\dN,\\\?.s\skql2<^WW\\m6\!Fp\=k\\f%\򢐣\rAiT3I\X}\,PEg#n\ƥ\y`O$\={SJ\4un}Vf\Idr58(\Ƶ&\kp\ij\\PFq\\0\\:\\us5\r\zrZ\p}D\և,2Y\\$g#AH\Q\?h\\</L\(Kڻp:\캼G\ch|Ϫ\^\(gE/4R3E\n\t:P>\0jy]E,6\Zx?3\\s\~f\~\\\\+9Kc\\\+o\&9\2HqN5Si]\\\*\,NFw}kju\\\5hI\c\\	YS \n\zg\ZI3\'8\\"\\\\m06o%\xEv\ߚ\ߴ\wB\W}\\'՛Tr9RǊv&Ŧ{V֥h\Ʀh\r)bF8\c\'\\\;ĺ~%ixE&R\1Qb8\\\A+\\[VҼ%\8Y$ic\Gʱ\\d\Ȣ\qI\J@!\N\U\\Ҭ}č!\ny \;.5\\6\\M\\-BX\)\Z\϶3\^oznl=#\\=*\M\[Ü3uⰭQ\Y=M(aҫy-R\\7\SZf0\3|G`Ox\s\䌕8/|2o\\#\3a\ק\\hf	+=\7.h\mh4[M;\\\\\Nq\c$ⱩT<Uۻ8uχ#e+L\^8\z8I*\\ \Zl(e؎\0Z\z\=O\#C\H\\i3\ga@G5+Sg>~\0\\'U\cX\\Q\\&Nz8ǰ\SG\\f\\>¯@\,v\)11bǭ\04Jh\na-%\'3U7\Z?!3)\\\\R\tm\9z\\\_?\n\'	n>vg\r\v~M#?\\\\\t,0i1\\ڑ\奐c\\Z\-\\	(\\-h\"\}2\GsN	XA8\\\\z\/i\'9|\'EJw7!\.gkqj\m\\0U~O\WJ\1\"\\u\׍uO?V,~\C\\k\\Tʏ\I՗4k=%\_\L\0z\Z\\a\nՕdA\\茬}w6~\Z\|A\\m?\\VXfR\\U=O~޵ч\9\-|V5Cݎ\\\rVv\Ai\ZCJ#aU@\0v\m\}I)(]SI\ht\A4\/>wSR־$X\\3\\0s+\Q\[\\\\݄_B\0#\Wĺ\ldK\#`\ȃPC\=z\J\M\菩X\;{|]\<?E e\76\J\\'pNkS	\*/G\'ǛmZoh\q]\0jzW\\0\5+,G\	\֦gg\\dK\\Qô\B\sO\ֱYˬY<˙\H\|O]\kƍqkwS\鎣\u(yL}\"\\[h\۸<auS\P\\?\<!e\7J\\jHJA-\xV	\9\\'8\,5oޮmj-\t~}	\@\0\j6\nyƯ\\4Ԇ\V\\\{\Z築\N:\M\o<A\\\7\\7miDP)<*\$\{ׇVJ\=\TcF<>}m\9\"P?涡N|DC5\\U	\]m\XӮ&deT\w\Z|ZQʥ\p¹\\:\\=\8\5-N;P\\Abx\%@a\ \n\OC-Yf\g\#\\-D\S%x\n.\\=\"}+RkV)32A\yIi\=\\1\NhOү\\0\'\k\\}5#\4G\\n\0n( Zw#\;hӾ\nx.]V\dۣ\'d\\g\\EuJ7\oúҲ?*>#|H\<q\\[\W]^\\d\\\\+\\')n{\\\s\5\B\GrBnpOr?҄\\'\2\Ky+\\#ߚގ=es\/l\\cך\L\c3Y:\\z]=G\\v3\\%3\q\q\.\NJڝ\ii%\\\b&%\~U\\r\\#Gt`ΧO\J\\T\|;\I8\k\n\oF\\}\\U\^(\ˢgf^g~/\\"C\\n\0(\0\\<\\ր#\\Y\XKp@\\'\b]Q|h\\/\\IͽD6=X\\\\ש\g\\\R\P^\:\\R\2jG)4;6\#S\0,\\\!܃\Q\I2\\F\0\Zҙ2Ӥh\K1\\<WO5U\K?/ bdr\Z^\%{\Z?ė\QvE\ҝ6;\\\;\\\AgQ\M=\\^jZ\\'*3>~U꣈QN\3\6\\\ږ\,\8F \ҝH\Ng\\A\+\-QV5+\#wD\»\5\'\\\\\WD}^\\0\0PM\0\\恣\\K\׼\DX&\Y\\bQ\t5\\q z\\\rRq^yًej\\7s\\F\\rjw\\\Ȋ6c\\jjliKV/ԭn\\˂\8\':qi\nv\\Z,z_ڦ&[\2rU6\\҄e\\=snМq2\TN\\\*m]<:M\kjZ@0\s4qϒ\\\Z\46\D-\Qx\\X\\3\\[j3upBs\\\3^n)\lz^\Oi_\\Z\\\eH@>Z\\0W\\;Gs\Jӭ}6\\Lab\\I)96\j\n\0(\O\\\\4\\_\P/sxz8ھ\\\Ҽ\v%\\qݞ\\d~xZk]j\$\0*Cgs\u\%dzݜ^)gV<6y\s\\HfZ^4\>W3\$J΢\'ko_)X|\\V\\0\\\\oܤ\2#\\NvS\\\VBm:\\Y7Ϋ\5d\\\\Zƣ^\dWoAnY\ZllBZ\\\nRqgau\\r_TX\Hw85\\h\0ð\\\*\\g\Q\\Gb\WM\\\Kw\/\v\.\\\qrK6\֎?dNב;kj0\0\WХc\^\0\n\0(\\\<y\CYڢ\\\n\0<\\}I\\\T\>\rO\SH[\o\~UO\\ptD\\\b\Hp\a\ڄ]6^\	x\>ڶF,\\H\>M)\A\Z\\%\0$\\\b\'\U.$ rpކ!\F\mDV23<\2`dQQyRi$\\D\v}<k\'+#eft6Vi\\IL\\ \ vW35\G\\\xZ\[Z588y5\Ba\SZU,\\\\\;5\i*\N\0R>S\Y/1\mPl\\`\\n\0(\0\]㷕\͑T8\q\\\Z\Y}A$ \\'¾~=N\H\;}Msn\Еw\	\*\EO,R6\Z,\I)!F\\\o\TK1J\\k4h\[\)|\87)β\\`UC)#$V\2Ṥ׷V\q9⦶T]\c\,~\\\\%\١\\p\\\r\4\c/M\o,\\\|5#qM**\Zң:\h\\B߱\䟲/\k\Z^k\\w5\3j\4X\np=zQ\\iv<׊J\\Ν<2\Ƨot\0\Z\Qs+\JO\u\04.~3}\4\pvsɍv\W5[\8qO]\9^\\0\0P@^=o=emI\\'[a	\]\8ǽEK\obne}~|PU\$\޹[b8ˎy\r%sب\e\ڽ4\nR=mԖLH\\%5\,Q\NBs\]P0K\hc\*Z\W$\\\E\S8\0<U\;Kٷ!\\t8꧑SOa9\'IS\"\\ҥH:Tښ\\4\/\\ZO\\O\\@\\\0@\arN3\WƬ#)3۔\NRV\쇁O\\0\\\*D\ɧȯP:|\\_QEÕ(l|h\IE\\s^;x\L7٬O\\nX\95ج*NS\~AƶL-\1O|n/_\Ǖ_\O\n\B\\\,\񹓻\0ݿ1]F\'\֒\39\{\ZP~g\\\'\\0\0P@1R|}\rޝ\n]뺌\\\\m\\\n\\bU\l~@|d\}A.\\K\\\3>K+7\Ã\޼<$m\sR+\|\0\}\2|V\\\\\ig\uapŌ\\0	\0g޽:3m\H\+S{ſ|\.\\\\\'(Pж;$\\͟=kv\<5\\\\Ć	<S\j_sH\ǣxa\{v:Ķ-\]\G\6Xl\"Ė\K13ua\rx\Zs\\8۱\h\ڄ3\\\`\EIV(\\'csv\u\Yc2\8\\\bM\ W}dy8\\\Ng~\?G\\\\4\2Y\0\ho \08\D<\പ7Nj79R\h~\\r?\qiڶ3;<D\dW4TxTۅD\F~+Y\ZgdOq\\\\\\\ww\\m\*\Úݺ\N\osHLA$\\q帅\\Ogkx=\\X:BH\#\I\6-\0\0P@>~\_\ǍNy1kN,n%1;c9]7\q\Msbp\6\o\:\|oԮnu\w\$aj0\p>\$\\\&qKDcԮ\헼\0\\z\Լuu\Ǹ7\\]b=3\\Jޞ\%\\x&ݷ;}S\+Ϲ9]5U\\{T:&-\0g㤐>g\٢\ׇ\I\\qŔ¼dT+5\C\&W\PHG,ֲtԕ\\U${\?1\'\\Ŷ,m-\$dtܪd<\\(\\Gf}Y\_\/\/\i[\1\\ݼX)P\\g׳\ZQO\RmZ\|X\E>I\4V\H͢l\x\淓SL}R\\^\'\\\RCʃ\޾_M\=\V\\SgH\\ξX4\Y<a3`\G\)`\\\G\R>j۟\\O\n-\9	\0d\I ~ ׫\\n\\0_\狚Q\sQ_\1G\g̅\0\0P\0FEey\:\nɱ{bjs\4!!8A\e\\\,-\\\&\+6L\\e\&*B\y\\~u\>֬\\\W\T\\0\\1k08\nɕ\\\^\B=\n\U\\\\|\+\0\hz\\bޘ.IH\O^±\J5m\rҺ6X*>\ٟ\m\^B%BG\:JrSꏘ$\3\^c:~5)=\0i?5/\-/\ڎ~ 7\\O?\ްUwf\\0k\\\\h\\:dy߮\Kx\\ɩs\z/\]\Oxd((f`]\0~v$*\t>,CyhiW6\\1\"H\A^䎠\n\0(\0#4a~SX\Jw\\\\n.#>\\V\VXғϟ*^\\0Z\/7\$B\\i\!+\LqU#e}5\0c\\0=\\#}5K\<\\̲\ʙ\\)\\x#	\\CM\\\\2*1.I<\C.\BT\\V\\:vo\E%;\00+\I-\\\@8Xx\0t,(\0\n\0\\0\0\0\0\0\0\0\0\0\0\0\0\0\0\0\0\\0C\0\n\n\n\r\r\\0C		\r\r\0\\0\\0\0\0\0\0\0\0\0\0\0\0\0\0\0	\\0C\0\0!1AQ\"aq2#B\R\\b\	$3rCS4cs\\0\0\0\0\0\0\0\0\0\0\0\0\\0-\0\0\0\0!1AQa\"q2#3BCR\\0\0\0?\0z4\W*(\oP+X  $$B4\\0= m\\0D\b枪\0)c\G@P.4\D \'T\0c)D:몀%\9)R\y-o XXiP(ި+K\\Zܢȁ\(~h\p\>\0\%S@R5PHeے\0˺%\0\\0f\\@hϩ=\UrKm\\\\n8.\rPë\\0,IEÓ̄]-P\MuEc\'5\:}䗛\'\:\\+\*5\\SZrqZ\`\s\'+\u/\n\LGq>\k^GX%\4^65\*m\Zk&\#\ozw墧)1^qچ7)\Z\\r\\0=Ye=\5G\e}+}JI\\q\0%\\,\C-8GlX\\0os\v\yye\\r\\\.\\xs\.*V8C~g\0A>\u\\\Kg\\\\\\?ۮ\n\\\l<r\0ms\\G?\a\TG;6\z\8MFUM\ Y\0s@!@`@ \0\0@J/\\X\nݐ\n(\0\0@\3mbG$\3\Z(\nb\\t%\T[5\=4B=m\n]T\.]7@\\0 \Z\l\\9X#&`E\d\$@Ӓ(\eMCDHb\\B&J\ЪhF\J$Q\0|\\wPoHRHX( ƸWSZ\\4\<%7Q9_\\Sߘ\-\g:;/3/Nw\\/sg)\)ıڎ\I\M\:k\y\\<\ǆZE^!\Z3^\\챴\G\F\A:\\\.7\{\C`\|\hފ\\*XLMA|\\\0\\N\r3\\#:1\#\Щ\l\-spt\Z\\\\DI$\\CM\r\xI!܁\{(\\dZ\Zś\\\F\E\\ߟ<71#_\U\Ez.X\'bXdѿ0H\\	!\\\\\.g3\0dw\n\\:\Z\\f&ӓ\K\\'\\\\\\\0O#7[\ha\\ɣ#GF\B\#8\O5\\0\\\\\ \0C\.G4\\@\0\T\\0nT\0R@=\0S`0\n\0 \086\\\ѐ\\XT7$,AB\\0:!\R\0;\tPT\\I\\\A.\\=!Bm\\#kM\4$]ΨMt@\0[\\;)\t(2{oE$\© \r\Հ\Q`p*e\F\O\o\\Z{(\"\U췡\\\){$[_\C`P؊{\ri8\	\gM_V\\\%e<ǹ2\\(\C\5\\I\n!y<\\\\\?\\ּ͌4\gڝ?M,o\gaT\uS\\\\vL\\\\EG3\J$qw8\{\(\8ާa.3Gv\k#I\u\3\P^\\\[ ;(\#^&\\\\r\[m\.h$\"-\v\\<PƸ\$\_)\V\c9\V\\\C\'kCdysCox.\DUF\,\fwԝ\vꇉ\f\\Ԗ\r\0UkAHq\i\"H\\}\>T5}\Z[\œ\\\~\݀.K\\gT4\[\\'69a壙\\qEA:\\Hm\\\9\'Y\B\\=#ŋ.|\":S9\'7\r\\\eL,71\\#\%%h\ڭ\0\\R\0`@ \]ld!\M* \e4@\0C\0\0@\+2!Q-脈v(_U,ߢ\@5D@鿢\0\\6\@NhHmd 	\\{n;쯰:\\)DՅԲMoaݺy*ĎG=ГhhE\n\]\\#\4\0X],\0\0ihMT\-\S\\T-$5Sa]\;II%lSzG\C\R2Cr\\iЯ7/Z\b\=K\\\\:暩\lM{U\\rɶz\\-\\"j\h&-fP.9T4\cL.y\*fuA-\ܬTBc\\\"k,nF\^\K\OJ\\\n\\O$\"\LCdk->\=ӽr\\'K#\3\c]EzsNp\0\0\u*Id8\\\\_b\/%V\\q)\`\ŀ\r|ʍfB\\t\M\FJ\t\\C-6,3շ*_F\;7MR\\wEt\\-\³	--@\\}\\gHu\lp˖`\'l\~j/E\X_{3ir̭U,z,Bk\raّ4\Z\\XqPنv\\y@PB\'\\!4\-k3\o\}C_\\\\=V&x^8sx\֙\\;{[0(\\{\|\Z\\r\\'R-;\9\@\"DV U\0\35uW@s\}\\Z$\TR,X\0\0@\\\\\d\rP-\%\0nR\m5@}P\B6섰\Z\6\nz$5!A̡ Tb=ķEXN&г\\A\\nh4\_+ nj)#6麂X\D!imPYY\Uz%%\Nyf+F\H\\Jiۣ\v\.=E7v\\\\\\w{>?\\\>3㉱Z\9\vߐ^}\(̓\i-FU4W~\8d\9\\s}z+߲o\qݯhXy*2ʻd\rMQ;\h\\0`\\\\m7 Ѭ!Mu)YV\J_\ \A\\j\&\}\uwa\Ej\_l5o\\p\/4i\$i\A|\\6\\nK\\[\B\nZDæ@U*\G\\\\\@\\ܨj9X\lBWF\\0z뢲d9W\bƾL\gfc\HHq{\?e	\׸0\ZƴCJ\PdL\|7\\ilG\Tk\3afR\\\\6h\KE@Hsjnn{\존OD\CC\y\\M\\TR.=ħeLsGcpN\Г䙎Ljk;&\?õG\11g\\\{X\0%-$\0ʶ\]`L\Z\\+~e\c\a&	\\0d[㙲88u.\\3B\(\0\\m@\\ےl`J\0@\0 \0\0@-\@G\0>M\̬@\\0s(HsB\d\\@!\"rSb\\@\0\"A\"b{\rB=5:\u>H\\\7{H\\\.RA\Z\ek\rаX>Tć3\\7N\\@\ɏl\7z+*zY=\U(N93\n{\\\Cy*\U\-<ۗ\\vY\	\Uv\@h#\\\ǳ\\\).R\\n\v+\&5#*\W\\\\ߞˁ\rl\E\S\c#)#a:n\g ı0\F[\\\E ËX\\\EcfND64X_k%2OЌ%v&\\0w-m\Im>]=q$\wEe{*\ć\ěGZ\g\'\A\b/\$]ξ\&R2\P?UV\"f`\r\r\1Yf\p+#m˞\0>\\~J\Llf\8\\R\\`sr\0J%Jv\\\ѾW<\\J֘{˝r\*\8#)7\oZ\+F_n\*\#>MNa!\\.Ԛ\\k\\,^6چ\r8&\)\\jYl\rI`\\֛/\3\ix\\0\\$\\\ySTtl7\'5\eCv\0k\X8|\nE\\rY6\\Vn}M\\I]\D:f~(X_]\"\>Hǁv9g\\oX\J\rh\LRq\(B\\\\m՘kXZ]͔I\<|engsӐZz\\ǚ9UɎX\2eld\0 \0\0)\0\0@\0\\0\\0 Z\\\Cu\\-\BCmQ@ \(T9t\I4bnhB/\CB\\\\5X-ϒt@F\@BT\ZI\"P\\0d\\\@\ lz$\n56M\Z\\sf\\'~XCenBt\Bhܠ2\\_)Ԅ#\\-\Y|1F\\\n\\\\\YoG\N\8γ8>wT\E\s\Jۓ=\(\\8W\\\\\\\^\3j4r>б\\rL\p:\RofrtP\qc0q-]@h\\\νȰ\B\#>\i\Z\r}TI\"bٌ\ڋ\UQL\\\loik䙠lƝq93T1\f\\+j2F9a\L3\\BL\Ze]\\0\D\JR<1/Z_\YJ\)P\<\/E;AՆK%\"i\\0$h\\\o_]L_n477\\'\}\\0g`\\Vԑev\\;-\ل\\O+HsaҶSڊ\\2Z9Y0o\c\_k^\$9*;p\\γ\4OYmTC\ W(gD\7!\\*>E|/%;J\:74v\0\n-r\EĲwn\$RZ\\uW\#2\MĳelXu\wi\V.&\\Z\?)k\OQ,\-ގ\\?i2\\P)l\\\\\>:Ⱥ\\lƨ\=<W/ǑdV\H-L\0 \0\0@\0dd\0mmPB\W.\0\![IQ@7R(HM.\&\O@N5P:)~@sBC[\0}v(P	F(#wR,\[}Ɲw\)Y\ޜǢ\rs^ۋ8\0Ѡ\\\_b3鵌\"\\EoFL\\\<ӲA qe5\(<\\<|ٽ];*C\\\0a\G\ \r\\\ry\\\S>|v=o\`c~\7<ɛ\\\ݗ0\\0s؅Ii?H\iY\>_;\\\\m\r\u\W\8\2\\\oF	\7c\\0¯G,\]4\D^/]1\ei3D{)\$\\4i\i\"[&\\0!˭\\a)|\>&\H\\\f\\RKm\\rF8c\0\SrO\J\,6_!\\w\\hփ\\\wQEћk;\\Q\nM\"\'F_\*֙;%h1\Z^VЪ\<m\\夋\\\j+vCq&\\\=Cn>\hKє\h\\\\0F\\9?Ewk\\󶠭TrN\߇\gsE\h\(A\\\\8q:\\[//\T\\|v\'8JAh\\\\gWN\h,a{}ފIWFx<\:)\\uI4ɋekҙMg}\Ѣd\QT.\\X\\\\fEˆq\\\"@\\\#Ȭ\{:\\[\\\'|\Z\\<.\rf\S=%`|c\CXt\u>D\{<\e\\>?\\\A\Z\8EB\0\0\0@@@(: \0˺\\z\0hH !([y\	EI4:\\y \]bB\0\-\tH\0\Z\rhPl:!MT[\ٚK\s\ꂌDl\%\\O/t ȱ\\3}?\\Z\y\0\)\\;\\4\\\>{a={K+\\9hZz[$*68efe,\ۻO]\\z!P셤NYw+-\\qÈ\+\\mw6\zQ\e)Y\1S	\r\\\\yb\f1\O^\V1\%\n~OTuQ?sNHxw\0\n08yp~Uaџ\0\FitdI\4Xk8\Cqj1q\"\6\+pDrh)8xd\	\5*4\B\I3\m[q\g\M\'%l$kM\cxsi\G\\0T\+lp\\>\m5n\fئpx\\\&\&\Ifn\i\\\.V\\pF\'om\Ƅ\hhqU*\53M\\׍u낾\,E.\-_\_G#h\\4KE\u4\\;Z\\\y\cjW\\і\aPT\\0C\ΏTz\z\d\\\\Df#*(K15p\w\n\\)Tǘ=k\k.HO\f\\a\\U\\\쓥2Ӓ)\\֍I*BX\'#9ykA&\0C\t\d\\r\yNl9n\r|\\H]\z[N\_\8~0\--[+Hqg\\y\>\\T|g\+\\\YSM+e\\{v+\c%5q>zQqt\\n\A\0 4(@PT@\0[\"\D@\\(\Obۚ\@Od6Q\=	Rn\0\NX\0\X\Qd\nl-\e\\Z\H@)e/d\YA\0P>HHZ\=Gpni\\\0\8}/\:9\0\~\B\nj}G\\\\wTD\ֽ\C\}\\l\sHYAOQ\\\\8WT\Nwb\M\=nd\\>8Tb׋j	\h67\\\\ڶy\}(\\#M\\\;G$莒V\\r(\Ax\ZD\KC:w;kGs=\|̏31\\Q\;\\rG%Z.\\np\\(.Y9QD>\ZF\\\H\b\A.Y$3~%\g<\٤h+F_^\\l{]a\_E?<\`3X\(Y\\*p\;0\\\9\\&z6e\0MU&SF\\\0\o<\\0*l~\i\\gܽh:\b=\	\\K<1\\\\"n};cJ\IsF\\\3[\_/z\"q\X\)\;\b}dbM\*\\r\\+$k\3dٮߢ[\\op\]u\\\=MU\\DK\4.x\3\\\yMڮ(\PN}Wim/c<\0\Z3[\JQvD8:=˗SomQ\h<CkX<^+z,5\U\\\nWu\'\1\\\\0\t34单xsCf\\\\dXPe\-sl.\mF߻&횻Pfe]\`\6EuL:\y~WZg8h:W8j\E\\_I,r\Y1\\\"UldX\nm\\0\0  \\0\\\\Z3oO1b\n\0:mt\C\!\"\\Zz\R\\)o%\`\4\Rm\N~h\.}(\ XAe+b\\\(\'=\\Y7 {12\	YQ\\\\ni\+\s0\4\\\!@<\=ڰ\\q\5͉\\\\ͯ\Zk\\n\xʏ:\[UKjP2\;py/,g\\\r\0`Or\M/\y\\\;G=~⚀\u\t^%5\̨\[|\\[4̓C:3n9T\lؑ6\s\M\"l}Nq\%ʞ\V\p\_x\\\ڗw\̽ruz>52\61fg\\0\NO\=)`\\xv,%DѴjm%\\q\GEe\QSD\\M\\P\湸B%5\][\X\1`ø8|1\Z\u\\GDrz&R9\5[\Z{:\&8\;\\rSٽ\_b\\/\1\\];]lF2\dMw\\@4SOP}2\|\k\\\cRBջ11%\D\=c~K!\*]M\'XhN[q\hlqf.\Zn%\r\V\\SA!hai>\Z/i\Ñ\\\6v\^\V\w \\.\ݮ$\د&K\g\nqL\R\\tF\B\gn6\A\\&ѸRh}\\4HZt\\H\mHlkY\04U\i~9c-\\-\N9I#Ь\,dH\\{\Bۢ\f9/\7\'\YD\5e\\\b2\r\\h;ge}Ě/5)!ǹ\\\3\\y^:\vz\\1>\Z\),\s?\\nsH\򳃄˱\Р)d\0\0@\0@@-\U\06\P\)\0GD Ks䄅/%t\"ͷR@\&\)\=4*n\2kt 4;-Hl?$$/mT\\#baeF\0\0(@\\0\\n*\Y\v\0\0\E<cl:s3\NX\r?D&;PĚ8\x*%ŜCbF\\xM\\\\&q˕\\\OPw˓_\n1s\8\\Z\`Aɏ%G ħumIs\ދߊ\\ԥP$4\\\\{\"C\ih\\{%E{Q;\\Z.~fTKE\k>\-\Tu!\\VQm\5q\aD\I\\e\fR\\\iGD8\\\0#f\\\\r;Gl\i\\S\S@t\\[\]<\OL\D#e[h&\Wճ\\W\\0=\\2l\\y#v\\X*8h\k\q_!7.k\\x\\B\AH\\|N\rQ\u,-\v\\\j\n\v\\_EF\\z,z\C޵\cUh\"\xl4\m~\Fs\خ]sI>\a1.\\C\'\;Kp\\ь}\a5:-J%]\T\ZXYr4귽[.\9\ܷ͌5M+,\ÏG;8w\8TF[y3[K\\y\۳Ԃ⇕L5\v]n\K\UM kÁaVf\Fئa-\0D]\w%\9nǃ~{B;%2~JJ\ZֹZ\\\\Fddu\a\H֜h6\0!=fqe(/kFǙUXClN\ă_[\\nl\'\geF8\%OE-\s$$_;Y4]+Vv\\;Q+t\!hO\\vC*}3\\UZ\\_\'ILA2SV\\]1ʹ@@\0\0@\0\\W\04}; -}P=\@%B\e Tm4\	>E\\@]\r\n%*\0BE\\09Y	(\K YjОC\\CE\\\v\0\S\@SU~8\Y36!\M/\uYtJVϑoCQHKtSv\\\r\KƝ\3ًJkb\\Z7\\0\ӑ^<\^C\ǚ㸴\8ܴJ\1\QG$\q\p6.\\t\\\7h\6\d}d\\\]h\N\L)2\@7؅c\\O3YP2ZﮪV\i?Cx\,.7Z\\zn\"|lcs\\\;r`R\Ջ;|e0wJ\/c\\\y[!8t\\[_R1\GI.\e%\\m\]+TQ\ӛ\vuH\\K|Ni*\Sٳ:&\hӂ}\G*($\C\M3C\6\xMl\\\P\4DdӢ\\\im\\A k\s\>\3\\:苠eqR.G\\\҅l\OLǰEBCY\Z۴?VC\Qq&KG<\u/,a\w\O5F=5Ű7ۆ\=WJ%\'{\\K{z\t\\\\\*5\\4\X\nk;F\F4-\̝QH\/\r7_5Ȗ\C\Ŧ\P\<e\\\Z1z\,2Gb׏	=H1XsAsOո\\M\\9\i\\\Lw\Z渁\\n`\\f+*Ʒ1\>F\\\\֞\3i~\6I\n\icp-\\aC_E\\d8\\N\m&l\\pl\\KW2\,:{y,\Z6/*\\\$n!\\\\)-\\'ed\~l>!\?\x9\0rg\y:\\Z\\lW\\n@P\0Mﲹ BdԪ|\\0P	j\-K\"\-U$	nJH\\BD*!\	AR\0(\}4R@_C h\P\0K\\I%7($5AG>5@\<#\/\%n\'$E;]\\\an1\:0\S{t|B]\\#ݱ\=t\\\ݣ$c\r\\\atDc\8\n!Ls\W\K[oӑWZ(\Ƃ\Z%۔r\duo\(R%FI2Y\\{+`ӱ\2\\jN\\ZX<mHԅdQ\ÿ>#{\\\ͺ5R\a\#6UTfl-TqEܥ\$ˈ\\9\\\\"u\ܝ6[\Q1{c\._o3wP]\)vXZ\\K\iثp̓%p^;d\\95wVTxkZ/8GQ\lU.\3Η\X\i~D4\.l7\\{v>T{*\\HP\\ƻqdSyxTFǙ<F\\Юy\\L\|5\ٯ\\\\h섓5q*X*\e\\E\?\Dd^\\kj \\5\#)\ޅZ;MQX\Xcncm\\r\\e\sM#\Y\75\M\\oG#[\\c!9p{\Z\O\pd۳w\\^\\\\q\U\\\AC⒖L)\5n+،\9koklF}\N\\K\I=e{\ċ>\l9\,C_\ѵ\k6\\g<\M5\W\Z\Md9l\=\ro\iTS	ġ`l\rn\0\q\g$i\L\,2\Jx\n\\ͳUd\\\]ȎW\Y/\\5\x|\+J\u.\CRڨd{dv}VJN.\LRT\_va\\r/aA+F\\\7쾟\\X\\?+\xe\^pt;\0\0\"\\0 \0`˃\\\6@@!5$\\\u PtPHI-TB[^DZ\\0(9nBDj$}\r@ @]ʒ\0D\\0 vJ6\0m\PI\q<8gf\xc^\\WX\s~\u\\JGg\\\-Zڞ8`q3T\5\rc\ܯѮ\\~::sHx@Lu3\m\n\2՘aզGUR61^\r\\\nΥ@k\o	\\+j)Y\'8\/ԦȒ\ꁛ@M\Q[3\r\\aQВ\vUtb\١\s\\e&oᎩ%\){Ra\\F\\M\D\8Vg-\\\Y+u\Z\\\\V<5\5&\跊\Ǒۣbcן5\K)\_-p\Zj%6.#\\\\Z\^\Z\\stieꃉ$Ü`\٢_\c\h\wl\\n\3],f\'Fu\g\\[ES\.\4,u\,Te¸դh$:\\\\\\#G^9c1\Ѿ)^\ow\=/\;:ܭS9\\G\e}\o\\p\~mLoN$alm~o%\\\\2\Hk\\sApqE\\\P\\\C%\\'}\\Tv:i)\\ZZ\.>\\DON\"vGwז\x\\+U}\\\0\W\F@\Q,2ĸ`ՙ[LqEZc{\p؝*\Y:\`Ǵ\\r\O5N\o\Kb,h2F	X/\oM\{%\Q\sX\!\\W\c\Õ\\G\\\?G\c*\psn\y\\k\\Hy|OvgFs1\\Y5E\Ɏ\\MǑ\TkfѕLrF5ď\\\ZgJ;\'v?bM\@{	#\\S$K8+,Zg?hx\nV\geL=_W:\G\\\,Ri˦\@\0/t\0\0@2n呛Jf@	\(\}|o{($/\0UU \\0`h\I\0v-\\@/TPH \l X [Y\H\\0Xsh9\"\b*6[@\\\,\GE8\Zj\\K\\ؾ\g8\0{\h.O n;|WMƘg\,f\'	L{;\q:e>F\{|\:$lxLR\Y#v}\F\0-\#\[+kT\Z)ݙr\]湎\n\\dc\J\\\\S\t=U\\E_\\R\\Ew\J:-ll\}I\T]\bu\VR6b1T\]\\r	\|\\\\ǰ\\-{\khˤYv\\ Nk)6o\'\5]	\rR$ƛ\\"rKG&~$]\\\ۅu\y\~Ϳ`6d\\<CV߯P阿݆vA{(s~=Wb\\/Wpg{\+\Ln\\|(EvO7\G9\qAŘ\\\\Q\\;\\\\9\ɑUD\Ír\'1|>7ၹKȹ\U\\\\:Tz$u\\\e\g#t\\\2G4\\l\.\[豉aH񋖻U\(1	U\%Nv\A\\ZE/fr~Ʊc5Q-` \\Zq>Ld\\\\e\\/\oDZl\\\c6\}[3R\CZn-qe\KgSt@c-3\;\\\2tWk\e\\+쮨F\#hkE\\fh\p\b\\\Q\Ij\\`7Y˳D\LYGp\\Z\\\\kF\\[V\0\+\"tKZ\Z\\sx{HU/D60\ \\Xc\\'&e\\ZȅtQb\ƃf\\«5\'f8\\etLy\\\¤2:\2\wF\05\Ѯw~\;Uw\n\\\M-ȷ\O\<\/\Y\`฼\U<\\\A\BjqRG\N.\0\0@\0˙\\H\Bm\D$\2ɡuR@\)@5@-\\\0\Z,)۩V*\"\\@	b_D@,O\\0%I\0lE\0\nu\BD*H$[\\nm\%u\\B\0R*\%\-\GK\\_\y.\\\\=p*zR\\]su\\d\=\4ͩ\'\|B\\\!\\\\9v\6*^)\.\& \M\m3iȁ\+NWR(\h&Sv\\v\\lc#Y\\vVR\\r5Z})46!9\n_8\\몀\e\lc\Z\\PN}R\\Cq\\Tfs|\BLӍ_e3K\赎C	⾈p\}#@\\\\}¿%{9\0\8#\r<.\%*E?of\SV\&\j]Q!;8\\Usl\8c\U6L,F۪\\\}R\"\LF\\뻐\TgN\u&W}\˷u	\lîȋ\նU{, d\/X\ \=AXGDjkӚq,A.\k\I+,};^ܨ{Hښ\(\\r\\]lأ\|y]q\ɤvbMe\s\͡vPo䱏\t\\̬9\fj\DL\I\~f;I{+D|\kݛp^\Eōx 9K\\\	\U\\\P*`{r؁\u\\Yv	>r\?Ί\U\\G\\#\\T[\\;$\p\\ʏ\\69\h{Aim,\5Va\G\'K\Z-uğCcy1\ϒ5R\q\2\\a\YIY\K\W\\۾3b\s\w\\0\Zz谊}p;Nq^\\<_;\R\]\\n3\@\0 \0gc\\\@eQ) \Adur&\2䈓-5$\(\\0@bZ\PHH$@+ \\ u$\n7FJb\Qd\o%\rCz٣Y]&0\\\.%+@+\\Rv\4iX\"o\;A\w>ƞ^y\\\\\Z\Ϊ\+\kc\0A5\I\,lmS#\!ei)\e\ެ\H\\Z\n6L\k\#\\e(\\י\5\\棑C\J\߳g;!A\"7\Ykjth\Z%gEG=\\\.̌!\Iw\>&\r[\\Z\gƛ7\H\Hvڢn\QD\%\\\)m\]I\g\\Y\ۮ&T:Q\]i\g\#2\\j\\zD[\-\nޗZCtaW1.E!o\A~\e\<3\\Ӯk\\\ɬkF`\\7\cF\R<Ni`\n\nY-+5UE`\o)L]~Xe\"\'N\تHD쎨79\:\{r\}9*\$\U\Z\\1P\Ш\{.6\G5Y2\\\B\R\J\fF#\\t\:\\ses@\\\fDb7F\[\5\0\n\*Ռ``lO$\Mt\Xb\r;7\Zs\=\\35ܝuR@\`\\(ᘎY\w[8$_My,\.Ǖ\\GP\\k˪iѪg\Y;G\\\nwdQ 2\6{i\'\2\\\kGV\\\\\cm\"\u\\X\\\\r<˥Z%\GD\C|.ت\ZE\|1\S>\\\0r\N?G^\~,u\Bl\\QuWd5\-3\\0\$<I\T5\ddw|\\\,ԑ\sqet\0@D\0\䊀\`PuRUREV \A\n;&̆H)\0T{$K\\0Ӡ\@BK\0I[) K \\n	X) 6@%E ^j\0{\0B\R\c;9\F\\nG\\!S#QlG\.5\\]\PwES\\\\\>j\'G?^\X.\Fnn-굗[1^Y\di\rۚ\n\ܕ\"\]ānO	$>3Q\\\e9\14\\\IJ\V\r%KXǸ\{\\Ȋ\R;kt\7ŕ\O5륗Td\(>\\à\by-\OtLm@Љt\ST3m\r24k`ן\XϊD}$ e$Z\\VEz{4R\KIC\\Z\'\0\\w\n8\U(k\H\SI\l\74\~RNY\atd\r=\G\X\Y\\\\U%,\	_{\\\\pb\}5U-W\Y[\=FTG\Gv.v&ߚ6SKpjZ\\s6Ql\ cL\	?\H2\	H\Ĵ5\:\\\phÂ{\\i\\.	m\\G\\"#\"v:\\+(\\1\ }vVH\9۠vD\S\&\NJJ\\;uQվ9dR\a4\\n\\[ت\Z{Z8_m\nERF;Aa#\,mPlmkM\O?\CE\\\\:\"\4o <\0Cm#\$i\\\}GӢ\r֐\dG+9(z,:\\\׶\W\\&\'CN<\@\\n*-.\\R1^M>Q~^K)H7G>Jm,\;Y~{m\-\.\0-?\\[\^\\\0@\0 1V$[[\H2\Ud 2\n@*입E6E\n\rЁmt&!b\rRH:D\H\(h!\IJHe!-MI!kb(H&\Hd\'@T\0]|h\L1\V9$\ht\llaDW/\GFy\\\0N)+_X\\#_m\\nڊsL\\0Ci\Oh\r\W\,d>(8\J@im7\`mZc	\0rn^\+utΪiv|fE\Z\"ja:e)TC\\N\\[\i\5є[F\Zf{cS槊J^U+ph\Z\wsZ-\ZMQZ\CPHoM[Y\\L\&Fs\n]\\f\=,\#:\}~VJ\\\\5\i܋o\權t4l8^\y_JJ\MR\"\C\\>^kQi\n7\1m\\'f\@\\\p[<{X\rP\=\\:\\Ctl^\<\\c\(t\8lfIE#q؀K\ۢ\KM,\%\\\k\9S=q\R\RxݽݗB\1\\\lf\\ս[1U=\"\0<\;GU\Q\+45\0;R6FVflO#)\'ksV+f\4\=\oRAm\x\n9\\c[#nF\PCO٭\\l\]#\Zo\'3N\G\ӭ*Q]\gcüm#)Dm\rs\r	 (6Bqw4ߢ\ς=)>\*\"J\\^Vz/Na&\#\RiLy(\w\q}%$\b¥d͚\'\\m\U&\\O\\؝lY\Z\skj	Z/$\>\?Q\\r\\n7\\\x}\nl9X)#\\\x\\\幐\\0@a\0@0\Z1\W\oBd\rY\t((\0nH\; ]T(R@lRK[d[uڨH#BrB\	\\dtc\u\0\\&$yr@du\Q\0JY\CUQ\3b.\%kcpn\l=\\\\\\\\?b?\bX.eD\=\^-z/$\((c.\\1\\ny\\z^:\\y\\{ʵ#;VAU׽\{w%=+Ug\\\K\˕cc\"f%[-\y\6~8\]O-գ7fU2I0\\%\o\Y5쫏%+\\\[Euٴ.=\\ӛFr\"\i}t6c\3\H*wS\-d\{\\m\\jJR\\R٩Ԗ؄\\z\\Ж;\Ӑ`[\';\Qdt6s\\\Y+h\MO7\-hN\*\uhKK__Dɤ\s0\/ԡZI\%\Fa\\\Z\\Bkj\ar\\\b>\[TmLΉ\wTAFJ}p\f\0F\\\[m`?5\nqC\fB\\Fm\DYXc.MOKtW(6ea6ڵ\"\`r;>\\Td\Hy09%l\alUa\Ћs*,)\6<\2\[59`\\ےO5\\\Z{[oD\-q]@oPTZ\/c-\\\9VjqO&kӔjtجݖF\; 0סK.2V*B\\\EUjD\e#k\@\\\iQa\[Gz0SN\\-οB\\\\`_7x\")\r\7i95n|\ee`\($\h\Np\0\O68g=emx!k \\0^\\@hb\nkAbبVHJ\0\E(R^R@\0(6BD\\@4@%\#\\0jB.\FlP\C$[rSB\/k%\nv\`\z\nJF\\۴\!&c}\?\\1O\\+\\\kgsukA\[k\>\\X\\\r\gI\Qh\"w\Y{\\r\G\*]\]<\6/:\]#);芧a7\r\;U\\Weŉ P\ke)^\mBC\\\r\'ug\)Q\NѬ\\\\\ZY4\;K\\ 8,[\\C\Bf\\\;608B\\\\r\\\0	m\\rL\CHi-\Z\;\\iɘ\\k[J\X$\4\\P<\R5\_\a&br\\\\o\\\5\\6\:\\Sod^%v\2r@:n\Va+^\y8\r#\sx\$}NFG\0\\v$\Zr	\Ib\n\r\"p\\D-\0\tY-S4\\ބD{\r\\\%Ѭu\GMޗ鐆\qo%\d\[t9ӛmF\#ȒFXS\R\͠c[p\\Z8\"Db؇}!s\7\Rz\"\Z\N;\ZZ@򆑰ROl~6\\-eC\V9\h\0h\wBGMk\^v\3[v5F籬\@˔k櫶_\\%\\\(\D7{4\\\\\\r\U?\_+\Zl\\^\t!V;,\ {u\YwcX\\\\_V\H\,ۭ&?\\\\\0\G\]%\12g+ط-sZW1k\\mdC<\\ےǚ\+\\7Wpw?)%\F]4\'0\&&\s\n\|9\Z\Ӧ{s\J Zv>8\b,{ЂEċ\2\]b{Sp@@%@\Z(\۫fd̀\0 ^j>U$PI\e\0U \0@\n@ [\\0[D5%R@	P\\ -\	L\F\\^w\\Z\\Z\\a\\kN\0\\\\A6y3\+\ike{\/M!_=\\s#\\1q\&\NZ%7{t!rF-\\\K\mТs\00\7\aed^\\n,\\UFM\^Ĺ\\\yj]87}\%f\p\-\eFFӲRCXG٤ko%\\5\\I\NCK<\\تDˬLeLM9\yI\\#a~g9\e\ۖ\E2h\Ιfn#[j\\\\]҆\\#q\Z\\\L\'g6H(JÙd\r\Jv\s5[H\gFDr\~a_h\\eSDyE\2h\4>EM\[11\0lm\lYh\\\`O\\\U\\Z%Aܭ\\#\RAQ\p.jT3s\\&Z\DE\OJ\փ\[!-<\'kc]\{\a7\uc[\R@ưX/\2O{=j4Gb:V\2ĭ\ř\9n\x\r\uv\q\ڊ\SvߢN\{Cv?l\-A1nf|U\$\"s\^㳬K\"b\<amNײh1\\\:M\\\'\\\"\\Z\\3\g6\調+\\سF\\$F\X@\s6\0\\[r\n\z6~\\\A\Z]A\.h%\3%6\\\'\B\\\8~5o\:\\b>1\\0\v}\n$\n\Nq6\t\hς+ֺ\k\\\y}Y\׻6\\^\nx)eICLi\00-Vj\J&\J>v!\5/f8`y%\Ǝ\\/g\o\\y9\03:Wi\\0\	t\\0\jde\(\X\P!t\n\@\[\\ \A!\EbZ\D@`\0S`YH D*H1tm\\Tf\"\o꤃\tnm#\*	12TFu\\W\\\F\\\\X\5\;9\\0\n7j|Y\róV e\\\\\~FUVO$\G\^۸£ŧay2\h/\\\'\\gӬ|aG	\\k\jH?\3j\k\{\\H\7NK[60\Y\Z\Z*3i,^g˕ïb\9\a\\A\'mC\L{	zC#m;S\e\.H:1dTs\r\0yhy\2s\x\{/\\1[&#_3\l|\㜔8rR]\sX\s٤t=?\f\$\\E# ԝB\\DX\,0s\K\)\\N\(^\\27pԎtBz\\<t\y\T\8&\\g\\4<ܐi \vYoÜ\0=E\'=5q\,\o\N\i\\\s<\P[E\T	և0\\/\yPt-na=cpg\4\Z0t\f7`6B8\ٶ\ҷL.U\]\\rZLѴж/\4\\͸V\\ZvGKQn\77Y\h\\Zd\\\m\^K\\)*\O\T\ GEۅT[<\\U!#@:-\&\h\vVͰ\\E\a{JlE8#\Ŕ,.H\\\dk6\Tˢ^yWX\Y-\z\^LiQ֍q\\ \\mo}[4F貇n\7TCX\\#pA\0mF\.nR\v\D잇\\x\\٦C\Z\'f\9uTl\!\\\ami#7i;\#L\rqsr8\\\\UўS+MT\\A,A]g+Z\\d\H\=\\<\뿦\S\QQAIb>\Ge\O	a\S27\o\\":\Wq\$xys\$\,I\fWB\4\n>C\\\ۨ*d6K(\I%z\V\Z[T)menB\0)@(nJ\0\H\0\0n9([\Zˆ\\4\0ߑ\(4io,M\\[\տD\"]\Z*N\\0c\ey\Nr\\cJ\\) Ʀ@w\\\Ŧ{\Q]H8zr Z˥ER\\%s7\_F|P\>	|5-k30)8!\\s#8$\\x\9ƙ\0eqf\\޷VW\j\ꮦ)[\\\[0hB\\\g\\֎7\Uڠfq\v^s\$\\Z2\F@\\63.g\'=\\\\\{\{\\l\C\\5\U\e|L\3\0l\%6g[0ئ\rsO\r\zBM=qMhb\Fdpw\p\]峒qoE0iD\"@\\\\>W\\=\\\Z)\a%/]\3\Z#9\0f\mN?m\)Ãб\c\\ELfW\\:Xa	t`\rܷȅ~h\R\RԳ,-{H\Z_Ȭ\\\5X.f\\+1z=\\a\07\\y\0xN[/\\T\Ǟ\\apE\\\K\\\\\z\"q\9kdS\\b\&\	\\8cq\*\SK\\_u䪌\ZvN6\%B\PR\\n\\"WV\\pd\Ә\\\JJ쁮\\{.u\\\"aaٍ9Yh$\\\#\\E\B\@xZ\ʌ:x];ph9u\'`j\\ӝ\f\*Yt\\\r!:\\\])Kc7\׃_\Q\\~\?t״`G-i\"\\\fBZZ\\0B\'\'\އ\\\	k\\:\N YN_0˽/\\\\\y\\J-ѷ+O}Gkl}­!f8\#+H\\	@9E\ZO\\ \(_bqF\\PU\0{t}잣q\l9>\\5\\\\OE\3\ȩC\\p>\<aNP	dm\\0 \\\\\*2\Z\\Q$CfVJ:*X2jebT@\0($-o\\0J\\05bAI\0\0\0jMCt\0\0 \@A\'\va\0g7\\Z\D\u\,Ol\?\*\|\Ÿ|NY吻s7\I7g\\R2>Нޘ\\"\\)\g\\\2р\\\K\\~GUx	sdUp\)Q]\O\i)Q`eg+QN\Ps\\{Mˇ\K٬U3q\\QB\U5\\\\|\e6\`XQ\r\\tɉ;\\6#C^Ӗ\(^^EgT\\i\Q2\:4\\\c\\\,UM\\l&\\7\0Kl\\\\s\VmYqeDO!\\\Z\\\LF&`ָ:@\^\\\\\M?&B\sP\\Xm\s\超.\I&\y01E\\\4\i\Z\͓\n)|1QCU!s/f~z\z<x;U\\l٭\:[eu*\z\tD;YO/c\\LPpak\0\r\y\\&\z\\h8͚ \@n4\\Ψb\\:z\\\\n\G\\\5iGbG(n\\[c[ь\r<~C\#\5+\\\y#lgM}!(i`\'N\X%;ђ\\YZ\*\QR\0/:>[gyR9O3K\kI:v^G\c\%\Ň.BͰ\b.NEQtI\޼\\$E΀7\0R\deh\_[*YrV\unb\r\M!\\r{\k۩\UN%)c1\'͘h6T\Ƈ\$\\\ٱѺ){\Z\0\\b9*G,\CO\joki|d^4\gѯcQ\\\0\0\[\9[4\"7\\\\+#L\\\\h\߉=B*\\\\QҨ\\\\5͔\Sĥ_\ӱ\8ښ6\;]W\\\ryRRX͟Tk\0)0\Z\x\E\\;\\\JZ\C1l\/P\0\bw\] (\3ƛ \\" \I\0	\rU`\0S`@\n@\0Y\0YBll#\Z	&é@|\\\W\,˞\nh]v\\${\\\\\G1^h\ĒN/;z\\ˋ\\E>#&>\f/i\\\<*2D5\n%*/İԻ\\,\v\\+^\J>\'v#\1\dk:\O׳?\\tf\r\m{I\L80m`\KG\n\9\nk\js^\\M8\?Sd\0\#\pj糢:\f<ý\\rKn\WL\\i~n$\\nZ@\H\3/ӭ-\,qZ\\Ƨ7r\\hYI#]=+o\'\l\\\0e\ϖ=\@j\^z]2&*SJɉ\\\\eR\I\\\\ξ\OB\L\p^y:ZA\w/Û\\\]ѧ\\dC:<R\\\\DDBN=OUP\\D\\ø\Z}\\\ėI>\/H\Q	i\^t\ؕ,gN\\m\n\kUI_P\\\st]IWF}\U\%\\\r\**\\j\h\'\\\f\~kh\{9A֎c\m#㣅{\\6\|f\|HP?K?C\[\c/\?`G\ʖ,\6\\\YY!K#u$\`\\<f|f\\RUZ,Gt\/\c\ru˴\%Qd\&\Fl\o{(\h4\\]\ڪ5~\8\cb!qk;\a\tZ[\\"@,~|P\X݆\C\5z\0)\Vf\\0x[E\\\p\3KnyWw\c\nB\Zn{w\\\DO\cȵǇ7Q\\D\\L\7\$\\\[&NpU\X>I\|\nQkv7\e\\\\˱j^\8I,{I#\z6\/\JH\#@<S\0@@d\0|\\0@1תn\T ɿ訃&\GL\I(\0\@\0\0\0@\nMԁP\0P(\K3!`5\'\A#Y[.;5α>\\\S@\\7wM\r\r6\{!:#\'\1\b\\\@߸\q\'̓젝z<\m\\l\Z߻5\=󢑢<<$Yrg=\G1.\\\\\h\\*\'\\T\\⚢x\\8jEj.4\\\H*.g\\ N\\i\}\5154\\0X\X\\\yz/V^\Z\b]\fnZDD\J\.}\\k\\aTUYJ\9ˈ\\V\ße\\$\\پ\e\\r]$cG\\6w\qUc\/%u>\rLѐwk%-Gc\,\\92H\@q\\gnɏ\я.\\OG=\\"t\Z\gtBJ[AW=^	ee楐\\I裌8\\)ͺC\\\>\<y{@kI\SV\b(AlHپIZ@>@\\ᚩWh\Js\+[\4;Bof{6\p[qINpn\[k(\:D%EQ\@\\a\\Z\4i(S; m\8r\\YM\oetD\\\Gݱ\_?e*\n\r6r\\a\If;\{uT/!\\V\	m\\'YIѢ\I)5:\\=\`w\\\5\.\R{8n4kN\{2G峕\S#qvV\\\]\\*ՌI\\ykDB\\'b\ܗsY\z.\65$\\5*-;\\b>_\Tf\#\x7\\&ǰ\\\\6Y蒥a罈.=VmT\\p\r\:AR[}\+Nx\\\\Ih\n\r\\\\0H\"\5Z.\f5\yhv^NǨQm\u+\\\#-\(އ5\\ eR`\<E\4\\rcHs\-⺵SwG~;oQR쑧\~?E\\b\.o\\\<\"\{Am%\!@`P[\P	{\ZHC 2\Bc TXF@\\# \\Y\0`UPK\0\\0@\ar\!-m\TH\\\'\\\7\S\	56\'N`&x\\Ԩ \L\r\3tM(\4[,\o\]\\X\09é\\!\sWQH\\0Ħ#\0\\\WKR\\*S\6+c(uJ)Ju\\'TRQTIM	KHi \h\\y\d\wv\\-#3,$Y8\0=\\\l͓\ʳq{\8(U\\8l\,\\6z[e\f447s\\6ujW\\Ǿ2\7)۲&7\<cIA\'1\\tUcJ7wF\}\\n\1j|(S\ãI+O\I\\#\\0Fv,K\"\\\'i|\i+~K^Txqv٥fRژ*s\υځ\od\^EF/cz\\\\цֱ\27\J}\EC\1ilf\\E\J0\S$pꇴ1\/.7y<FՖ/\0S>&FHa\yZz7\΋`2\\c\TApL\\\\\h&sdZ\'\zy᳀\n\8\y\\\x,\c]ݎm:h}\"\\T품c\n1$`\9N\i${KA6E;GG\<3\$\b\e[hH\k\PH\\\0\l!7[k^~kwg.I\»Z\\\.\moE\\\<o!ڳRS\no\\\\%f\5|mO\Q\H|Mi\~j.9deX\{\\\\:\\rA쐂IЋ~j\\Š\U\\\@\F\F,\:\-V!O;\ʬ\\\\\Ź-\PBHR\	h\\\0X\US\h\\rq&+ٶ\v+&\6F3Hy\\,͐\\\~NJn\\\rZ\	6\"+w|5\?h\\QM[_LFn\0\}\b1\z0͕a>`56C%$MŚ֋\0\\ER>nRrv\\W(*\0\0\]\TZ\<+(Pv\0vGFCT`\\\0T\0 \n~\0R\@ \r:\rTN7NC蝃ә\\)\mC\?.\@yo\\Қ>7\Nn[\)JK\\\I\\\yrFq*ᬌ\6|L,\<oW\i «\'gT;\[C\\\\\9\\(<_\%\rLu(l\f>1\в^K\x\r\\\\9J\Vz$~\\Vb/s7f\+\w-|\[\r\T\[dUt\8\[s	*ڡ!I4͖c\\Z\\UUǗEF\\\\ 4^\6\lV9GD/\.tT\ֱ\`\/\\n\t\Ԓ& \\T\Z͝ލ\J~9q\\E\\\\Q\u!\~kEN<F*\\\Z\8g4\;\ 7C_d\R\C\\_\'~XnY\Q>Q\\ZA\[\\\8gs;9<\0\\qJM\[GO\Z\t_p)Dx7XqOqeKK)xsG\k\\\'H\\\`Ż_h\my,\p何\\-\9Jո\Z,م\\\\r\\M#S`Ƨs廼?.?%\\tRz\\.llN\\vdVx\\ZG\f.-\\-l\\j\1ϡ]\\\\<93\\TAhƥ\\v+Ԅ5\ˑ\e\Z#{\Ә6c\[G\f2Jk! h5hӧ\Gz7>N38l-s\.t\\E\\ݑk\;%:5\wI\\r\Y0n\\0ՠ\䠚>hs\ZCMR\B\HR\s/\\d\\\gF[!\0\o?\djCr6f\\\ѩ# 9݄T@\\\qh\h٢~84\\v\<J\[F\[qqn\\\B\Vߣ\\u6D\Co\MV\\\\\&,VW\%=r\G7@mp\\E8\,]˕`ϢX\\4T셱rI\0/\^\<k\Z|\\\&\,\0Ԡ$@\@\\0!\\bs@̐\챐Ԅ \(L *\0 \0\0@\0)$	kM>eXי;\n\m怮\&?\jeDƿ\'zm|\\\/\\zDg*\g\86Jq1q7OHlIsϰ]\Z4\0\rOd\\;L*\8\XXg~f\\\\J\R	\NL\H?\I\^27㱓\X~\\\YƀO錵Pi2\6wJ\\	\\P:3\Ԁ:\.p%s6ٲCJ>,<;\;\eM\\\@\\k\\r\Vf!s\GdF\\r;<m\^\VU\WC\0\'2*z\'\\\`lwIew:	\'S0v|Z\'vw	O\e\\V\(\r1n\ޫY%\\J5ȍ\\\"\\)i@\\\y)/\\OȦ\\K<2W\\~ɺ6pK/xl\d\i\reO\\Y юnE\m̂悓fJ\wᬛ<a\.\\\x&x\\B\7T1\rZ\\_&ViQ\0OF@q\\^\\r\\'V\\aÍ=\wʲw\\n\E\YAVG\\G\Vǃ7jTqN#\j\B\\\\Ӱ\+Ն\\f\͏\W6G\:\\h\\/FG9\OcWV\L!2MjY\D\mI햞6\3rnVi\\<\eW[\[\\J2qsX|&oUQ\\HG-\\ -{Z@\r$4yn=`6ف-\[\{\=O\m\\T%!\#1\K:(,\\\kӒ\]os\xu\Xo\\M cq7\\\\\U&,vڈ\:ָ@\0\nK\D,l2\Q\\'k\Y\E{f\C%s7n[fr=UQ\\\\.+\U4%\\b[k9aY_і\\\\\\'8+\\6*L:\r$\rMb\#ɖYɖ $\n	\\0)\0d}O\XHmpB\i3\r:d\dh\0 \0\0@\n@(\0H\0\0@i\Xv<ԠDCGY_+h8/\\ϵ\\\OAW\RwL;`,,\"\\\tT\Mg\~\;\"x\F\K3\\~[\|\\\~u\ZG#kj(\ @Iy\\\\\0e8\l\q7\\ĳ\\7}K\\0q\Z\\\\cCK|.6\u	\'\\*X\r]}<\\wp\}\7QMhS5> 	+0\x~w8J\Ǵ\r\R\K8r\2I\sCBC3\ss\n\o\\aI-t\\\\eɦkIjJ\3\J\3\Z3\\\\YJ2JS\N\\\㞟tYP~QcЭJ^G7\=1	p_w+\#r\o\Y\\8Tv\\\X;h\\n\\o\"ɷ{:\\Z$ۆ12K/ݰ\\8\\\\ƭ\*d\0L<v\\\\98/[ɣ\˕\\\J	\\F\cht\q\\[&X\\,VΝ\gz\JȚ2l5<O\4\j(v69\nW3M\3\nl\"jG\\q]Jt\S@\vV\\\\rڟ\\*vVK\\8\\嗻G5ܲ\\X\\&\*g\0\\D\=\\ɳ&*Vʷ2:Ac$ձY\R8Z\#h\5aU27\` s\OG\Y74\@u\%+S*(\Zւ	\Z\\:\\LL$kL\S\Gcz?,dpmR()\6\\mm\A(* .e.\\E\vm\?)6\)\ZC\L\.S\P\hI	\qn\\~a\\xp@;sG\Bh{׼h\0\h\\r\8\ZZ\ZW\\_pZ	Y]\G;AK\x\2A\07k\0݋\ws8sy.0=]സ=+)\lQX5zq\\NN\ T\Z\"\0$@H\\\AJ [h\\(L lvma\ڬTX\0\0@\0Z\\0@d\0 /mN\r?\\MT\i C섛0\\\j]ǫ\A;{\TA\\ة@\}\kjxouEJL<\\\\\N;|o!\\\w\\gj9#l^\\}H_;\X\G\\6<Hb\\\$\s@\Z=t\u\\\\?ٔ\ZRL6gRK͔5\\\T\Z}_MT\4\G<G\0<0P٪Ѧ~\n\kdJ+XM\eTi8BT49\\X/\bܨ\\{!*p6KD\'(\0\u[\2\D\<^̊8m6.˸S\Y\\\\\\\B$\\\F\\"ՕZ5\pN%BҸᾷ\$\D\"ef\cG\rwOu\\i\[p,:&\\\\\W4\o_Ex1\<\=.Yٟ\\8ˍjK$mi>!\-G)7>w\+$]ΑĎUL\*E`ճ\w\q\7\\W9G\|\\\\gwalk\Yf$\\ZY2F˨>jhov*\\G\o\-Fn4#q\w\Q<p;\\=YEM\\w\'\\\W\\ْ\\&6mm\\\\r{92tr~\\ {\Z\\nwj\z\0^+{gGKV\cia.C\\2\\\Ä%\d\i\\\\Zi)l\)!\}\%{9ڧL}QDسF\\\}\\j\4>	\?E%W%͍\\}.\e\"79\\y\Z\`%ǟ<2V\s]i\U$J\i\y\\6\J\\\'\Zjx\$2ꍨ\\F\\\<r\09\\q\0\Z\\茙aWl\\0f}\\fb<>.\\\q\ǂV_\"y4\\Cv\\\	`H!\0\0@\0	\ZZ\XX\[\+*\:[\"yQ#\*m\nt \0\0\\0d\0P\0@J\0	e U\\g0KQ\I\rJ\Z\GE\\\S\UVmDO\a\\)	\)\0xsKFŶ\(q\Sk36S>7\\Cr4\0Wߝ\\\97\\\o_\\ώae\\\0\r\\\yO?h\z/\0Y;ư,C+\];?x\Q\\Z]3\\5k\\\\浞e\VR\ZE\\\JgI|ƌ_%[2\~\Fql\r5tG8oj<ѥ&G)Di[\<-O,LSIm\%OC\+1el/\e\>\rʒ0\K,\sli~v\R\G\Ѿ\\\{\8i\Q`}~F\\\.4\l:{_E?\'dK4qLc*\) \\Kf\#)w\r\ZF2\=\Fs5\\-:=8cIZ:/vj\׺\"\Z۪\l\䢋\h׽5\pw#\\<qoiT2H{\0YSpH?\U\\\\\\O\I\p%~\@\wA66!qd(=\z\:\\0\\\0p\Z\Yq\ؕ(7F\\\\o\{ii\fdwPR\I\)e\\9\ڈ\c\xm\\OL\?\nj\\\A\0\\\\\E\c׳\\\¢|\r46&\\\<jgM\l\U\\\-`?!\VQ䉌\!GF\8#}\3RgM\!dd\,E\efRHd\\G\m\0r\\FʖK\EДشuIB<BC\}+\uQc\ui\c)$mnˇ\mc\DGsxz宎\\\\÷b5ҿIW<xo\-p9Fyۆ7\4\]# Dϕ\/J#\%&ݱ\\\B\@H!sBEB	\0BA\0  \rŊ&\!\\\\[ُ%tK6DwRʛP\0\0\0@\0  @(\0\;3K\\0ؠgj)Z\0\'\t9ib>\\_ʖ.nady%lWll\e\\`|\% g[$U\q\dq\\\\\TvI\\\\\~\P2!9\\K\\\\y/\\ʢ}	~\\0\nZ	\5=\\V\\\\_\/Y,Tx0>\\ok\"\8\5Zy\῕՗OѲZH\\"k*\\d&h| F\Y\Q~\r1\-Y@Ϟ\0\G&\\"%r*U\\m\\\..ld1\3\\\07\X%G\cʒ/tضBL}ɌI#s	i\\sKtΘ\\d\0\3 ,p\\k\\'5H\XCٶ.\0N|D4%\\a\$\LbD_\Z|VMUX\(\%\{\\\\\!\ů\\\I\xӶ\s+\Z\ds!RƞG}|;c,i\\^\\\;\'WD]i8\J\Z\\-l\^Kx\\\Z:D\QұɻKss\\_u%g|JT\Xp\59\Ah\:,\V\xy\\Χq\~\Z^؏\Iai\B\E\\\\\\\\tce\'>G\Z\\n\ney{\֎9++8\0\ycfv;\\\u[)sY^\0\n\v\\e$s8;#\T\\a\5\K/Թ\<E\\j1\\}\s\\\I\E\\o\{\r\TS4j\[\\cX\\\\a\r!b\l\x\mT\\\N|AQ}E\O\\\U\\\\[0?\n#\p\Yb>ʹ->,[3CZ\\ŪQ;:G\nd-}\Ԧ\3\\L\7cxf0s\k\CB\LL\\6\0\0\0\n B:$D#P@	`!.kmOU~Q~vO: Ķ\mu\0Vf\r\P`]H\0\0@\0 \0PBK\0\0@a\'\=\gAr5\2\h>9mu kW\\t\u2\6\0\'D\xg\\};B\g\/\\y0z=\ť\}\	)XǸ#SoE\v\WI\x\rJp\\cK>ܑ\>\&\\\s\]\VSJ\\0sF󿺢\\k\\C[³H\\\\$n!\\P\\\?\C\\!	n\'\$n=+,!x\S\-:j\\\\\\m\׍\'\3~dWˎ{N\ˡa獧\\0\ǆ0\\˞YɟPb\q\\\\\U{[\\d̎W3^C\CI\Z2tJOĵp2S3ݘf B\7\\V?m{t3\CV4\\[#\%GGmk-\!\,\=Ωt\\w <W\\\dL\\@h4\3ĸ\1r-֊V\\\%R\017\qTL$\\C$0\\I\\w~\\\YR\\w\wP\\F\\|\F\ԍayu\\/nU\6\r\\r<r\X\\r,ZI#\\SK\^\gp!w٣Tn+\\\W֋(ϒ\c\*\\0sm\n\\S\+Z\\\0H\\G?u\ےkC\,T\\\xC_̬\\Z٤Yᚗ\O0lY\:_]\\\Һ?}S#Ck@\\\B\dV\\@Fm\Fk\\UdY\ v8ˎ\\t,]x^\e\')klH\\tz\\ϋDh吗8wђt;\\5\x9)3\S\w\@ #\D&\Bt(MP4TD,*@BoerC\@(\n,%YP1;vT-k\n$\AP@\0 u@(@\\0 \0\0S\p\$ Tؓ\\)\9j\d\ϑ\T$\\\Oo\qK\s`P:֌ۿ#<\\%ɸC\\|T9\y\k7vr}Wz\"]P\H]4s\Vo&\y\\rV\Zђ\\\\\VdS\q*${\{\l\vh?~̦i\\v82ļ\\.\\\\Xt\##s\.9mm\\\\_\Q\s^\Ip\ާ\\\\\\ Q{ \\'\ZA\\Z\0mZ%Z1mٲ+Q\sL\_Lو\RGkd޹򠕷\N$ikA/ikUj\i\\ס\5m\or.E䣎\'\$L\ݲ&jM쪻.\b\\X\\&LEP\ݹ^\\\vm\I^6X⺤\t^d2\%\\eTtYv\\؄n\y\BH\\lq^#S\\\r5\\Hl\EP\G9E*>/H\\.\v\wY\cO`|gG\C\ms\k\\m\f\]\ݎSA=+C9=5A\M`\eC\\k]귌GEzh\r\0m֯\S$*\ܜ\B\\\ӌa\>\\\s3_ys?7ݼ[\r-k\\U\Y)\\1\r\45\\\\fV\\\\\0ԻUh\'Oe\T\\89\0opc\W\\\\?EV\nᙣL;譋#\5#\\ \\><F\n])\\/\\Zi\\X\0@\n\;	\T#@@К\0 \0oUk\0tQd\\0* {\5E\0\0@)\0}P.@\0 \0@\rŜ_pN\r6\'\2!=\0\T6I\\G{r\\\&Xa\x+\r\l\\wR?#\yX\{\7\\85V$C\U\GEvJ\0d |\cꦌ\\Z\-KY\٬\\jL\=Tp,S0]ζ`ө=&sd\JZFn\M\552ᶳZvet\R0\V\:4ܼ\[KJ,\I\\R-!QdO\,֝2쇘w}\\{1UrlqSe\Y8vF\\0h\9\M-\\\Oq$IWful\Ud1I\e]4]\\U\rݠ\Z庲Ux\Z\nuU㽗\\C\\mYѪdE\,-וQE\\û\\\.6ܩѧ$k\r]L\BN\\L51\	K*,\TUt\\S<\n\Z,S {P\\.\r,\{<atWϣWS\0~2\\\X\茘\\@qNQLjb\0799\"Dl\67B\yƎ\VR\h{\\Zs\/U:eڲYAd \i\)])H݀\"\Vy,\-\$]ݬm\f~ar\\:yg7]<\\\V\55f` m\wGs\t\6\DQ\"l\<jI\Z~\\-k^\\\K\\,4/8Xf媣vOh\O\\\0p\\e>z]|Mo\\\\_\\\\2rGY^\\0B\n\"*BA\n\*\0\ZUtQ\=T\[{dX\;$ɚ#Уb\0@/4\0\\01\\0 \0\0@*,v\\\n\r-V!U\2据\\\NC\e$q<r\.1G;V\\?uF)ZE3L#`\_5\\\<\<0\үt\_#`\Z\tuu\{\\-\q~\C2\#\W\2n%/\n\'\Y8|\3f \\/\E\!=EQykm]p\ex\0Fs\NW\\\rh\llɽB\GV\F\rY_\\\Z\3*FMi\nu\0{!\XÔCD\\\\A\<ji.+s\{\\N>̠|#\ƚ+y.v (E\Te\Z\\\c/N\-I3#-`͔Af֍\rO}3\K\VwJᕂ7\\\:\3Xr\R݄9,k\j\ZѦuBaUVom\YZvt\g\!p 4Y=36\\7\\\ȿx<F\)W%\\(h\L\lvet^n!M%\^	\klVN\\j\rJ\z\\\r\ѓ\\m͇\l6qʶi~\\\\'5+iIh\\і|K^\]&YpP\\;\u\\vc%\\L\0Fl\\\mO䒂3$n/p\'C\.$#KA#\\{sG\BSH\s\u\\\\\-k^sYG{~\I8\\z\\\\0I\\Ȯ\'\ʛ\\\q~Lm\MpsA\\@\0 \0\0@\0  \ZF\\@성9\n\\\0*+t\M\\l\n@ u Q\@\r\\\0P\0\BD\0\0@c$\pcs@p>ھ)\^\rg\\^˘\p\ɛɎ--<zG㎫\\\\\<\\GqƢU\rT04g\r\\\nI\ٮ\\^\" 1\r]\VBL\\-\Zg\謴U2L\\\`,qu\ӿU1Fe\\7\"\\/\ܒ7%[a\ʸb\'\ӭ\Ufs\*U\)w s\G;N`.q\rk|OwULd,ٳ\rm^KTecGɐA\Zc\[92[k\@U,\\N$6\7ܩb@5\^B\wF\欑~Ǝ_\}\O\R\\\eR\H\\b6\0u\H\ǱKf\_GU9\k)\\d~FӪeZpZ4i\\\b\\>\\\0U[]V\?-\\ZkHL\mwuq6Cf\P/k\\G\r\\F?Y4|@$ak{\]E\gmY҈ˁ9r۞\X?:9\?8\K\rͬEl\Җ8Zǐ\{)od\6P\9~&\ʶZ\0c\"\msevsIq\Z\\]\Tni6\Zr\n\\_\\\9Kmqu\rkF\j\T\\}H\'\L\\l^\"\\\*龋\;cD\ĻA{XE1%\\\i$9_\e%Ett\ϊhf\\\\B\&J\\ۉc\ëY&y;\G0\}O\cL\x\8кLD@*\0@\0 \0\0@/PB\0z \PH\0B\\0@@\0 4\0Z\@{\2lC\д\qtGy\WK\a\Pqkg\:/%\\\XϏ\S\y\3\\\}gҤW\u\ɝ\\c\<e0\0\3˦w\\E$-oٍ+\w\\Zi0\1ya\p\\Z\O\8eX3L;ui-\B*!Ym\iexĵ e\%\\qw^i\Z@s\.\|N&_G-c\\0\\\zH\N\̙\椸ej\h/>m.7Zdaj?\7\n\\Y \rHS\\5\\\:#dm\rH7\RKT1\;2{\\\\*{:W\\Z\2	4\\꤫\;<.pi:\d,>i\\:*h\4\\w\~z\](\B4ܬ$\tM\֘,\\%N4EKi5m<\\&2H\\EabHd*\h)S \\\ngA\\%Lq9Ӵs=:H\\\5\g\\0i\\\\L\C\%|\\\;\{ʌ\|\py`pq\uZ)*>ͰT\h>7^͐\G\aՓ\\z+\\o\Zæ﫜#wlâ+\tZ*\\%\\\\gm\}S\\v\\s\:\2\\\\\\\\\Z	LK[\&}m\\ʯH\p\,@i؞Dr#\,/qW>7+O\\J\I\\\\\RG0\ \\8n=\\\'\\\0ť4z{ǆ\"P\0@\0 \0\0@\r@+\H\0,\C\0\]ƪ\0D\0\0\Z 2\0@\0\0  1@(6@\0\ũp<>z\ٛ4\r/{\tCim\x;\\\)p@ih{O\;\|+\>\\<_\>\=UW\\\eϽ\\?U\\\\\ %ac\\I\誢Y#\';[\)EU\Z+9g2uf*.\<\+ovCdG\ey~&k\WJ){h\\0k\*\\8\?\S\\\S\\%4\rE\l\\\F,n\\Ӣ\F2NSq\z\\n~Pݚt]\;/f5\z\\o\-*\G\4\K\HV3]\k\B~n\Qd繷\\Eꑪr\\\rMnP6rS\Z\;Gh-꤫\\T07\tPhcG{[1\Ru\\_94\RU2N5ڒy]+C\\a\Cmm-\R\5\rUKt\M\\\,,\3TD>)K\O\tќ\n{\V[&	\'U`\\]\\9NΝ{\\Z\|VF3\IpP)\Z\\^Jf?L6Mf磁V,߭*≯N^vh\̥D%8nf\%,\\u\Z\qV>7@\vYj7f1k\ظf\\*\\xh\\1$x\S:\=62\Zf	\Zɣ*\_8\K/;:\\\r2\c\_ٙ\\)\_\\u`TcPc?	뗯΍,\\0)[bE˱\'~\|\9e@c\\clR\5#\"<\}\rF\^Ù\09\ڳ䍊@ \0\0@\0 \0\Z\P-\\0t\\0\r@!\@t\\P*@@\nhdTY\0@*5@@7\+\\9l\4\<\4\r\xg\k\&n1lłDl\\n;\\t^?\r!\\x2U9ZŜ3>;\\\\\\yz\U[R`23\\\\0\\Qɐ裡xTHoK\dע\\j\tU\n\^\3_-\\r\0?um.\\,Iw1wۢ/{#\$\x]h[cge\W\	Ӷ\0gI߫U}옪FX\\\\\\5\rl9\9{\=\wic~\f%c\\nG0\:\"\h\ȸ\Y 12\|9\\J\#$\\\+\"z1;_(BL\K(o!\V횤gt[\>ݐ\2I.G\i\\\\-\\Z&&\,\cnjѽ(Z<g\\\\!}\w\\m\\gJS9\1\Z~K6&Z0\Z~\;)\\b7w,lA\7@\m\dht84r48I\dL	a\\mOc*\\\]\;(\ѡK40ͧB{*\i\1\\8\ZI$l\JH%\i\O0ٲCN\\\r*bȊ\愗kjV\2\Y4UM2\\[F(X\ۃ\*\_7\T3ĵ\6\\CTY;6\WT\6\" \u\n:\"\\o\#r\֋]L28j\\I\\\f֍\E\d\\0\\\F\v\<T}\0\l{\ѵ\\3\tUC\\r%\\\㳈\U^\\}웈?\'a5D#bIs{_\}/>x>Oȇ\s\0@\0 \0\0@P*H\0S\@!RBE!e[\0\0@\nl(\@d@!\"!2Hؘ\\\\Z֋v㯉\I7`ӃIa\WO\\y8\\0$cᩝ\8{ݽW^\Z\,N\\ri\zՓv2:&4\l,\?[@/k\\$X4+\JB2\\B\m\\\.\9\/\ٜ\9\c5.&\[FJd64#\\K\9\\\wRA\&2C2\sv=Jog\ho\\\\h$\\\\0Z+\\vX\or\~{\TQ,\\\X\\­\\X\\ch\mI\+-k\mɫ\G%z2zDlѐ\h\Xh\f[#;w8\M|\\;)kM\7>\(\fbqԃ\\b0\0/\K]F٘}tL\\\0m͔\hwGPA`7$\*D5\lx\\+LѶ\\S-[ys+΅}\"s\eZ\0j$\\.n]\nol\Q~J.x#ܴ\{\9/\\F\1I\N\\SlN6Թ.\lvW\+M\\0,\F\~\\雮\\Kt*\\\E7\\u7n\Cbu:\o\Xr@j\y\\n֛xG\V\\\\F\\Z\CEyQ*\ꗍ\k\\*\\\	\\\	uY4l\0\\kM6\Z\0\\隥\\c!\0?\\m\ZeҖA\ܷk@\Y\\\QB*l1\r\"\\V\L\b5}Ӽz\	\v+\\\>k\\0\\8\0 \0\0@\0 \0Y2%@\n@)1*\n\0 \0P\,@\"y⃶\\\p\=\^\1:s\\VƸǶwx?\|\<\'\8\\\%\\0\f\^/l\T>\\'\]\+$R\jj;\[h-\лMP\\\\<\l\;\=4RW]1		qk\\_VݘK,s-l6\uٲ\^\@\ZG_uJSkh\r\rs\M˭{\Y\ZCe\\\09\0emS\\dX|\Y\U6٣\cZLkr@-\\L\D_!<\O\\J\DKRK\1e9\0ѾC\j-UP\"{.CݾmtW$\\a\޾g4y\tV2B\EN:^0|4H_[($\"\\GrE_hۖ\5ֹ\Z)!FDrKN\\,$@Ɛn-e:\UH\\	\^3\s!e+d\\\\0l\0\%x	\kE-1\^\S%\]\"vG\D>vGl\ri\\'UV!Ԗ\\\7i\0<\z7\2Ѷ\\m\H\\GtM\D\(4\w\\*\\M^3\]\0#[\rB\jgݮt\\\VR*kV\M\Z\k\38)Qs\k}v76\,\\K\4\\/V\c\V\\yvW\̱/I9\\\~`uUF.6A+Hxln\5\0:e$W\0\Z\n\l\9̐\LhB͚[xB\9\\\"\iT߳ݿ\rQ<8\va\{\g\\\uzG\0 \0\0@\0 P\n\0 rHV@\0\0@(@*P!P@I\;r\:͸:;i\\.E.L\7\\Q\8zڊ$s\\qs\\5\\I\\>1P9|\y.nNǠJY\!n@|\\|\\]\!\\9{\9hsv&\xUdeG\7l\Sc{#\k\\͋7w5~:+\vI\\T\m F{\\#\\h\\62:Ln\\i\y+\\<;FwF4\,U\y3FSV\&6F\0#}?u2\	/Y3\\kXUKd\YMk{\~&7|خ}3\.wmO3e%Y\rZX\5mmuZ\'I*KH\r>:dNAiqc\1\j41H!\)\ekC9c\rw\YIV\c\8\\O\\C\\s\\\0\n(\/\s=\f-\\G0\\lZ4H\O.J\&0\~\ZѬ;/\G\3GZ\\L\\VI~ǘg=-~j\\h)\R\\H\UL\J\_\Z\@-mϙ\fZ\c|`\R\{l\'\\\FZo%e2C$a!\k\\Ø\,M\p=\\\O%\rQ6\!;\.bNR7괋\Y5g\oT\,5.kRRL^%y\k*5Kpop9KNQ-vLжJ3q.n\\\rTt6X\X%9\sƶ.oO5͠m<>X\\\h\GͯT߲łUS ُ6\0SͣU$\\~G]p\E6{\j\ptw\\4#_\/c\|\0\D\ܽs\\0\0@\0 \0(\nv@\0\n\0 \0\0@!P\0@6\k\\覫~Haa{\\$\\\r\\Wh<cW;LT\Mϙ\/#7\zG\aq\g\+{\\HE\FzTv=l\V\eѥ̀n\\hl\\ͱ68g\I[Ud\D\j\T\wz\\s\'\=b>\=\\akA669\\|\\+8\\\hhn\\Hٜ\\\yk\y78We\S\*?D\\ww>Klu=\Z,Ltu\.\2o\(\=2ߏ\6\\\\\zoGItk\\\\g6\\\\߭3ُ<;rn/{\IS*$@@%w.K\ۢ0\\\\\Z\=9?4f\\\@\]\z\Z\З0\NWev#\#MΝN\\d=9^\rY;Z;C4{\;\'ͣe6b5\Ѝ\\I(w\rmŢڀ7TT\j\\[v\\0\"\3\ݼ\X\zz3tu\r6i䌼[\MTD$mkkɣ\t7θ=,Tb/١Mz$\$kA\0\57E&\\n\4YT\\j@Jh[hh\\/;tS\\\H\\	7Z]:\%\\U/%{;\b\f,vȒTǵ\\'\\\\\\\9]kjlI\M\>V:\u\\RF\2J\n\\!\\IY٥\"_\r15\\u\\QZ6RItNa\=8\\Z\m\eR\7z-TU5D4	Ho[*\]3D\v\)Csf\F\\?\\[5\\{\\ ;pz,%~\Ml?\׍\e;؃\=\\x\&\\0\0@\0 \0(\nl\0 \0\0@\0 T&:Yv\\\r\\jʱw4\\r\\\\<Wl\\pI[\\\\ii$\0\^*\\{Hb}Dp\\Z\o\"h\3sZ/\ZC_#i\\r,`ָ\'oR(\04YCCNm\QQ/KcckC\\r;Rfm9\|-?3\+ߒj\\&\fà\i\"\w,\2ee\rn\JYF\Y䎛\:\({%]+&ɞƖk\lz~i-\'`|pIv[mJ\UD_\Y+r=\5\f \\c\F\\\\#\T\T5TDI$\\kG;#KhIwK\r|R_=\%\4s_1e@$[N֊/\v5t!\.>g]\L\\\r-\JE-~V\\\,l-uM[\0t\\ut.\OF\MBȞ{9\h\\\k\P)\ZrYJ6\\0\\0vH֦?	\1hh\\$\hU&Oѻ4v#P:\F\S\KNn~e\$i\㑀\UV첲F.h{s6Y-蕆Y;j,\*6S\\,\"\Q~+@\,\Tr\zD~/H^\0$\'\W0\[f\\\MٛHn\bʛ\\mTu\\\Yu\tãjwFs7;[\[lH\1\"l\r9ַKJ)i&dϑI(Л\0yO\ϳ\0\\\9\[\ԟ\\'\\KQ\`-`4\:GU\X\\\[RB\I\\}.\\涇ů\l\h\O-69u\\\Q>&au\,/˘?^x\|z-{\'\0 \0\0@\0 P\0@\0 \0\0(\0 (\\\\?\\5\\KA\ϷuYIE6ˤ\\G\~\8ޯ\G=\󼸹\\\\\\IɟE⊊9Tϙ\8^\b^\c+\\\\Z76\'\[z\lΒG\f\Q\W7\⸻#Kꢃd\rs\ϒIv\\Sw<5\\k\H7TK\m\ei\[P\3T0	*I\y\\5\{\.$z\g]\\\\\0\n:D-*i#5L|\.hv}\\\q(ͅ\#m\Z\,\\j\\rN\\X\o9\BU\uf1T\\ˋ\\&&ĞjS\EO%fq\\\\nW+塬{C@kS22H\Ll\F\oei@hr\eoF鋠\rg\P$-`.p\/\\\	[H|\J\Z\\QE;6\ޭ\'tR]\7S\Xe\లH\Z7}f\}-u^V\Uv7\\jG.O/d\K\Z\Zovz~\/\qC\\0\\\_ȫ=\B2\0 \\jx̍v\\-Hs\:\\E2z\K\ZeFMҮ\Jn\0\+\'EmlrhL\؁k6YiiQkmNV\VƵ\L\\	Ry7D5DIu\so{\4Wrї2=_\7DՐ8\\cr4\0~QIM]X\5\[\yF<m\&<\lG?\,9\w\ZFQ`r\gqkD-\\#|\\yƶ\UxE3ٚ\\\ED\)LLb0xc\S\\{\)܏vDo\0\\4La\\\\p\[Ѣ\CjZLz\\\{n<\6]Y\8Gy\\Z\\\\\g|*\0fE;\\\F]d\]\Ŷq\q\>kʗ,\\\0\0@\0 \0(\0 \0\0@\  \0 2 \r@\	G2{c\\\<5\\\\R7\\\[F \/-ƏO\\o<uYW)\\y\G\h\rKux\\\\K;f@\h6#p>Q䀅sZ\S\j\"jo}\sl\\<\0R׈\pN\\*4t}֭xm\q<Eb*#&P\Ӽ\0	\]CW\\cgՓ8\m{Z\^ȺJ\cssߡ\n[\\$ύ\\sk4\\U/lwE+Gz[v5{\Ώp>Ŭ\rŮu\CHa\\Z\|\9<\VV*\r&\֐7O+Z)=Ղ6\Ԝڸ\%m=\%Α\q\"\\_\\g{7e-\r\tՓ\qN \\Uu]^2X.\\vTd>M\FTMY\Z։\Z/6Ğ_\K\|\\\AE\\;\>{&7>\~.\rE+)Ş\k-\VH\\\SG\eC:\o\q\(n0wژƦ\6\\#\\\7!Yn,w\v\e\⒘E sv.r.f\/\\ͯf\')\5 \8n\\ouS\4~CceW]tk9`6骥l\\\05\\i܁O\$\RкW0\\޼\4ލn\\\6^\P\B\"V\c.k\wnV$\\YK\L_<\gy&n㧈ߐ\5I\ދ\\+aDq\$\0w\zy)R\Z@\4\\F\ۙ\\y\	G{[e(\.K\\Q\v\*c$DE:Z9\0s\\\:%wv\\mQ[\o\\\q\c|\ \+OgC3\ȓ5\\/%CU\?-\\nV8\@\bO\޽q<Q9|ߎg)I\"\0\\0Ҥ2\nٹI\0\0@\0 \0\0@`tB\D\0,6@\0 V@\ \ڠ\@W;C\x+1,^g\y\\VRQNO\x\'HgƼA&?VbO\*&{	;u%|\\NO\\x\FĪ\Zwl\ßG&DHk\k\Z\I\1\ke[uFFiK\ցkﺀ\\^d9	܆\0fߴƕg\\0\ -f\\ZD^9d\뗗9\\W+\cyn聽{Y0@I\QC^\##^\\r\\>\*\쉬.\E\\qy\_e[:\'\\H뗽6ӧ/A\X\Vߟ\\\\OGO\[DX4F\\ZE\rvE~>\x\k{i}}\Lɯ]\\\\\I\,\n2\6\\R:-V\h+{$sֵh\F6I3\r\\V+nǴ\2S\\rY]\e+LneW\\Z[v\\\\O[\'c\]\;\7\\\\\Y\i\Z\\Λ\\g&\\3\r)Q\\\\6\o\C/\P\n`\\{\D\\\k.\KЫ9|Q^\<\\0qK\\%\\\ʣEK\	lsu\+\٢\#i/{,\F_\)s%c\;#YIq\\#rx\J\w%\\+#\x\\ZZ`k\#?D	Z\3b7\0\AЋ\\?gC\\JV\i\\\\r\@\H\\\7V\e-\Y$lM6\l\\sTt\'z-a\@\\c\~fA4TY\?Q/\\h8\8w\\,\Qd\r\^ueLwfb\h\@\'\\U#\r\\)0\I{r\\\\nt\nKѯc4\Dֶ\,`_+}\U\p6\r v\Q;y$\'\A\\rT,*Duf,o\ܳ\\ƴ9.\m\\K\\\{+x\a\Z\8\۽η[tdѧ\0^\EBm\e\\0IC8nJ\\oi좙\r}\+\\x\\j\Zv\\{\..\>o\\g@@\0 \0\0@\0 (P9 \\0d\0\0[TD\0\0@\0\\0~\0H)|qq\\0;ᔱ\7lf\7(gwY-</5\\?P\yu+\\h\^T\X\c\~kU}	_Cjw\Ǵ\\0\\f\[D?|W;0\bѤl]\nވyãdx:\\ͣ	lM7pva\D\#9ܭ+5\`k=\z馆\J\ͳ\h<҈\\ٳ\&\0-\ʷ\$\ro\ͽTz-{\\\XGr[6Q0I,-s+սx\0]\02\m6\\\\\\VѺ\r\q~[\\\*\s\q6\\\jٌuHX\ck@c\̭h\\\#K\VM\WVEUԾ\\\\k{\02of\rIk4\\\֘NCX\\\i\Z*I\vO`Q4s!\0k]r\-tuC-86cy\󹰿\r\rgtc\ǁ\\\2;|\N\q\\ܾN\\.<\g\\\ZI\U\\i\d]fI=!\r\\\Ue7\+,W٪\re9p\">\2\\i\\\\d(8SII,\{\\r\)\)H\_x\=Obȭ@\\!k\0\\̑Fu0\&9Û\\z\+&)P᎞K6\ç\D+`|1\\ӕ\ՓvD\\\\X\\1G!:\.\\Z\d\\\\\\K&#\ؘs9\\X:RnV[;\o\̐\\\CP=3;\>-\:!	G6\\t섒\0c~`Ѱ\rfͣ]P\x k\\TfP\<&I&\rc^ۜ\ױ\r\\\lV\N[+6ɘOS\`\\gDR-4K,Pæu呮\\\\\d\pS\sKn\\=@:\\˨/F\di{]?\=/Sde\\m|G\n%\yW7\\}n#-уu#\,Z܃S\\u+ы\	\\\'4qm\\cb=q=W\\ِ\xh#YK~W\r\_e\\\\$\37\\\cC\Z\@\0 \0\0@\0 lB\0@\\0\\\0\rP\0\\0\\h\Z+1\n\it\0m\w\;\?d\x[[PNSQ8\Ѽ\_.\6\C9\ZGZ\<Sո6\04\2\y\\qb%Q9.\Ů@2\\hղY,b;\G%FrF6r\\\[Q6:613\e\\"7x\\u\\gc(\\H碱_cj\x\\Z\ۀj\rlm;hJ\66t\e\|h\\VtVٶ!\n[\Q\v\\0U,H`M.o>\\)lK&\Z܃.U\\κN\\\6\W\S\U\ʵ].ZG4$e{ٛTA\4\tVe\\\\\j\"\\r0=\\m\XQDO\f\>]6:\ dg3\\\\bh0\"\f\豚l\\r\"߇OS,M-i\\\\\\Yj\\"2\$à\0\\\\O\\#{G\\;\r)G;\\0\\\\\e\R14Qů們c\QM\Z\\qܓr\\0\r\0F_P\Z&=\\\>c\W]\7\\\\̭\"3l\w\HϥAk{m&\V\-i^\\[Q\*\Lt!aS\g,@RG\u$t\Zª\rC i\!1\\]%&ne\\\D\rt׳Y[\'H\DV-C\+F\\7i\\\_\gʿp\UG۹ynoS\^_ʾ\rS9n\'\\th=+/cް\\0\\Jxȕ]] lf$\Ǒ\[\g\ke1!\Zón\\:*KFvN\\\\iu|^\\.9Ѿ4XwNX\\\\th\ߗ[u\\\\\\t7sW\1\oλ\t+K&nxs4/|\7\r:\i|\&FU\\dEN\ bk\IkG\yY-dq5\5\[\&\s\T\싄\^66y`I\`\ơ\r{>k>Gn˺\9\0 \0\0@\0 \0\n\0\: @\0\\\0>@TE\\n\\~S\\}\\U%8r \\\'X\\\Z\MW3)\Z㒝\\xYeu\41}\uUP;\W5z\cU5\R\&U\W\Gƪ;ɜ&FHh\\Tz2t\W\#5\\\\0*\ft\\\\\{Ӣ\r\Z\fiȆHl_S\E]uN-1\\q~7\]wV]c^ؘ2ƴm\b\\iqw]I?Aѱu 4\uJT, pmr\r\';mEdW\ɭ\\6\\/׳{\\^\Ĝ\P)Xdv`\t\[-S6F3L\\U̍\F\ja|.x!\䝵Z(\:KdF\'Uٖ&\lZ{1uE{k,\\7;3ds\Z\\=\t1p񆓸SmtU7luݐ\cw+\]\\"@\\Z\B|Y\\"b~U[އkfuvV۠\\˞H\\<J׸]4i\iXJ\\eei\=\\N\y\\F2T82wu/c\.=ljl\10\O\:\\\Uy{.\5:s+ariCM{\QHm\\XA`~_\Iފ6<M̊Cb4>\0^\"y\\yHh\IR$pX>^`\\lWԉy{Rƺߟ։$\'KƟQG/\>C@\\AMVgj\J\v\|ov\\@\\XG<\ObXD\fur5\O3{h?@Us$\\F\}r\/g\"\\0\\V\.\äf,.\\	d\&i˦\?\ \Y\\I8t2k@\\\\4 N>\i\i\\PU\cZlM\\c\\\0§[5O(u\\繭\rpoc+\\?[b6FesG\Yt\\q\[:zf%k\fonC\sIWF\͔o5 \\w?\ϧJ\'i0\\\Vh\mՒь\\i\9\\s\\]x\\\)ze#\#=\\\a>]\\q\ve\$3E,dp j>\y\^Y`\\\M?e\\,i9qEnd\0 \0\0@\0 \0@%@*,\0@d$T \^#\l\"|FN\\(mE[,n\׷n\]\K1EI-2\\_u\\0,\\/\'\ë\\\j\E\gk\aj$1ݼ\\o5eFv\k*ǏisI\\\\I,O$f\';WZ$_\\7s\Frf{\bo򧽑ބ\n\r.փ\Tz\P\Kdf%ٞZl\0\e\Zdl\c\0h\\謶D-\hs\\\ZmsMQ	\7̎#sN\Tkr <\K8\\\ME6\@l\2%Jc\6`6桪&=ԯ-\>K\Lb\=ÜCX.mreRoy\0#cuq\]\g4\j{\\\|QX\u=\6\jI\Rdx\}\\J̢ܾ\\"xi?1nܨk䲒\\QQ`k\\Zm{e\%K#\;h:)IسQŦ\lmh\8\]>L\䣅~wt{8\d\р\CAlq{\'06\E\<f\\E\\v<͉\\\96+x\Ǚ/c踾&=\\_3z\\\\;dɊU,24\BӺ\GZkFF\+D\Z\\\%Z8\e\\Սj*SMg69&v:m\yc\Zٜ\\nʉ_\\\4\\\u\|R\5A\H;\!kX-i<\0eFVjk\`g\y\f%\\j\-\]\\ŵ\\Rư\\Eg\Z\-\\ͪ\0I<k(\/v\<\\\^=lM\v-$;3\0\݋~*d\=l\G\iq\V[#\ۄ\͊0\\\kX%ٜ[ɹ\EM赓g\0\LgX{\)\o\<]OSH%uh\\\\0E-ivQ}UUML9\e\0\\\\Y\e\EJp$\4L/Yw4t\+\=\i\1#\3>H\\-\u\\\d\Rٙ\5\'s\\ɵ$\&\"@\n\u\\\\\*8qܕ\q3b\\[~z/N8%=\\9\\\\I\\r/~L\"\M^\7@z~{,]\Z#\\O\⚞\q\r\^χ+\\\\q\\'Y]\ \0\0@\0 \0\0@PD\0MP-d\0B\\I6\\\b\k\\l\u59\i\\\gK4\[\o\3Ș\'ա\9\n9e䭞\2\\"\\9G7b\9esA߈\V%2Zůxh\m\\[*\F(\|\[@\Zfm\{\\^ZC[#W\\\\\<r7\W\427=\3\+m\U5Es~@\\5*\\"MC\h#\\\\G\Z\\\.mOM\0\\\\rru\r\bnc\\;J	KC9$`9\ZH\'KJ\U&g1\qA=\fƺZmmH<ʍVu.48S\\\w{IgT+3s\\\XlQQgYe\\ZlO\\Tāg1n{;-\l$\ΰ[-vbd%dB\\g\n\\Wli->\f~v\>k\\\0ʵQ	\\{\k]\!7\\Y9ѻT훨D󑣯}j+Lģa2\쐋\0\\g-Zv\/\$G-\ZsqЅ\6t\\B\\\\F\\,Y%##o\+[_\q\ǳ\ǝ\\,\|\^Ƒ3\A&v\ڱX~z\y\\,31&SH$)\\\\A\ս\\BHcR}#\'-\Wf\\Z\:D)_dd1Ӱ\Yw6i\0\\@Q[-\c/qm\eZJխ>(i\wr\\\rq\'[^־\\[O5%vcSV\RS=퍯!\}}ݑX)<4t\\\\0\\T\-++8=\TG\rC`I^\Zsxt\\\)/WdEF#LN\1\<οɪ4r\2\c$q\h\UZ-M\qپ\\Ĳ\\\6\G\V\bq\MQ\	\@\3o	\'\\p\$\(%G\A\0ir\rNRWEvr\)\	ES!:\K\\\nZ<\ϓS^\\\fG0[)m\]h\}\\S\\..l\m\\*\-]lwP%ØX4\9\dq*Y7lx;\\\^\\rL\Z\O(\0@\0 \0\0@\0 (\0 \0\0@\'4\rlΟ?\\5X7\id- \y\n	\=\?\~\\\\\\\I$\\\I\\Ķ\\z)EhM+ \\\0Z\0\;%\v-Af\,\\ko%QuG:\\<7\\ʪC\\\עʙ;T\,S\\s\Z_Uě$\;(\\n\\1j:\\6&\B7#\Ymٛf9\ֈ刐F窶vd\\r\\q~.\\G\%h\O$\\_#\\s%hQ\H3L\9y+\'裳)1K\\vh:ۖ\)\'f2>Gk7ː\\)\0c\H\m>M-\Zf8#6\,\1\\Y\\*uEmK\0\\es@\1Y4l6\k[ #ӳ5\\".\\\NVr\nȣ+x\nw6@\;KSh\^ʕ{\"ŀr)tDՇ[\\Ys\J\5\J\"!a{\\+\\>\oÐ\\:C)&V\ß\eU1\=\d=:F=\!c^\\\d\\r\\WFZ$YPcfVIe]US>C6\\rH\GF\nLR\{6i\Z,L\6S\ҹ,\\\\N%\\D%Tyc\p=Vɱ8ā\GߪTV\\Z\\'(\r\\`Tϒ \8\;s\u\rR%7\\>%SH\!{\\\\\\\U.\S\\3>\\Z\|\ks\졯fI\\\+cu[f\9\=oo\\f\ZLu\T\0\	\\0~\\ o,i@j]\\\0\'!:\0f\)2W\-XyKZ\G\\3Luse:\\-U*D$\E#CNV\\Z\jI\Te\\E/-*\5b\qt\\\\RI6\/|=Ҷ |FW_\42N\Sg\>\&A(x\\H\nލ\uҾV	sYE\%6\{*tp\ٮ\جڣKL\+d \M\6\Vo}FE\0G^M\\l[\\c\\\\\\\K\8A\0 \0\0@\0 \0\0B\0@\0 \0B\oćn\\\&Zy}\0h\#\\\|\K\\\A\Ze\q\\\Z3ݤS<dFD0x\z(\a\\FG\f\;\I:d\[+\ָ\\]kD؀hikZ46ѪD\{.\XƜ\u\\Y\"e#\J\X2gf\WJ\d7lX\mm\mK#ds\.\PE~\u\-nk\^~J\U+\"\ܸ^\j\L\$\($X\\\7u$t77I;\\	6v\3\芈v2t`D\\0[а\S\ލ\nOn\'0\ak\\\\\[; \\͌obG\I}U\(\\u\'\-x\fM\n\Z$!\y\{{hH\DS\r\\uƤ\o`ŢO֎I#\ُU4\[\YjI\-:*\/i xи\r\Q(\R\[comTp\\14\e)WE\2v~mWy96Y\Ψjo\{RB9\\\O]UI\\P\4k\'RŲ3t\gWD}T\I.}~)Qk\\#\p?\	\\\\܊\6?1\״L\O3\\'+\\V\2Pr{\k\\\ZEW-De\:\\@hj\=\76賔}h;\I\s\r:jz]f\[\FdY,\9mzud^\R\`\klKl}(\\|1,{\r\\\\:!$Nfrr\GBZ\'\\wZ\\\\D\\\\a\r\]\-k\d2u\v鲼Ul\N\rHX\JH3\\&੯E;\`\:1QݛxUh\7\\x:\\@2ܗio06OT}2\B\v홰\{/H\\\\\9\0 \0\0@\0 \0\0B\0@H!\0\#Z\\ŤkeI1lU\\}\\XMCY^\\\<\I\lqQHW\=\1e\ܣ%\tA\\1#cE%y6肨\\fml4>\\\"H[+\c@\~cmU\1\\ι y\/VBEٓ^8a\T\\\\H欺*\\e(\r\@Ԓfm\"(S}ݞ\eq\~jܶR	1\\\u*ע\ʫ\G$vG8f=q6\0~W]n[6C{﷪\'T-;$.c|\=T\ZbZok\׶\	Ѣ\\Z!ċ\m>\\F\0.x\\Y/+K&M\ӠY\Lb\\6\:mH\B6\cu6Է[blC9vW8\᮵HőZ;G[\\X\[\\}U)\ns\ƳR\\5m7hDw\l\Z5ׯ2\2\\QDZ8v\K\l\(\A7\\r\Y\Z3<XujX\Xyk\\Z\hD\\:d#q3Q);t\뢊W\ůq$J\h\%\qMu+7/Fdd^\纥G\pp<\0T\1a\n^~KH\RM#\EV\#d\\\\{-c\dbM\\6\snſ(\AvWf7$\+F1\cI\.\߲\'\F\\\s|\0i\e$).\0FCytOY+蘦\ZFѵ\r\hVMEheQ\b8\\-@\ą\,✥)\\l8m\\\C\\o~\\\6	FR\\r췯\kO+\pk^\*,\l\h\KS\\V2lv^0\\ͨU\{H\\\S%^-N֗2\р\cﺇD6}J\Z1\\N\R\\\69E\05\8\A;7rlZ\0\0@\0 \0\0@\n\!!\"\0@! \;vٕya.o%\\'F::\\)cψ\_8\\K\\\\.\RUѓޑQK݇\c=.\\m\DMKϽ0\lcwR)~\\\Z|h1\\\記+\ɚI\Z뗓r\\Z,\\\Tf+\\(Wf%i^A\"\EZ\D\o\\\\:h>腬5\aA\Yh\ݍ\'YiN\0\Z]_cI\\7\r.\ҤG47!\\\ysq\T\̴쳎g\rH<-#8\\[\l!;ٻ0;\H\ZouR\\k\r\˲Z\\\R\\J\5\{\W\C_	dz\I\e\\X\/ЃsUô\\r]\ϧNX\_h\s\\"\{nUыi\9\r\5&Mܫ+)D\EH{\#݉#(+\\"GS\6\'gDRl\Xo$\`\\kc\ˀX\dtFٺ($\hO?UIQDT\"q\0\lAY5}\'E\&arӨ7U\f\I\ȝrK[V(\r(ŝW\\h`9f\+[&>cu#J\E~^6J\m\.iߡD-knPEf\ɟmQV(\%8?K]z\\쎄6\\\\Jk\r\Nc\4\lw\dcr^u .y\\z2,v\\\\;f\7\T\]))\\Yu\OUfQ+\*\>G\E6/57[D5c\挰4\\}\\]&d\H\,@ʌ\;+\aRS㯔\9y%q$jw\\N&J\\\\κ!Vsd\Z5\"a7\r2\}E\-@\\U\Z]&1\Kmu5E10n\~Qtz\\n5\\M$\0\;C\\\TK\Hʠ\L\"`h\0t_F3R\0 \0\0@\0 \07B%\n M\0B	\s\\MF\SQ%\\mܮ/.Icvrʨ\N73\\%xڝ]{k\u^\r|E~|F\H\:$im#]Kyw\\lDn \Z7\'x\lR+&{\Eai9\-j\\\\|\r\baZNe+\\"\A]\1\f\[^j)\'FY\g;d;\0mej*d2:\v\\%ߢZw?,GG8\\omԪz\"j\\-?	4\n_Ubc`\\Ƚ\\\\\	ۼy&\q6\0J*\\úЗ7=Td-$\\O:)b\̒\\v.[(\Z3hs\|@\\\\(\B\]α\&/\\(虙[6)D\\6r\2ϲͥfۢ\\\5\τ_\Y#6Uk\-2h\\Q-O&\4\}4\\nԽ\]Ŏ-a?7\)ht\M+\\O\\[\"\pɈ\0\\\r\r?«J\\:\-ή\eVJ\%KH\07\u\'\]:-x|F\\\_R\"͑uF[\\\):Z)8&\0\bI\\\m)R(F\t*.\\)kv\\u(cm<.v[\\첽\\\s4hv\\\c\#\I \\E!\Z\uY\0{]p|H\߱\HsI\'@FOc.\\[\]=z*ɪ5dĎtDF\ZGmz,\\\\\'E6\\\{|Agn\lm3CK@.k۸JEluCJ^3nw;\)}\\\nhn\0eCTQavF׸\*vS\nd\\\\n\\ĸq)d/seo\/EFD\2\j\N-\Ln\Y\<챒ue\S5&iP}\hp\.{q\ru$\Yg-#xH\\'>\\I\\\sg\O\\\O2|a\\=\\\0\0@\0 \0\0@\0!\0\0B`\ru\K\ᑱ\q:\0\aa\N9(\U\yy$\x\\\'\\#R+\\I/\@=	\=1\`\cߖ\%fU\t4\\'5\H\tH\l\jH\\|ǐZ#6\WDK%u#8\-\Z.̥\]X\XKo$\mVfM$\,g4,k3?\d\\\0֍6:L.n1c\7\.>+tʤح\'sݍ\Z\\\CK\ג\\\魖v5-\\'RMJ*F\\ݗ<\ɵ\[44DwF\ܫtG\b	\r\A\س\'T;BCp\\\$o\r\\Elrڌ\\\(\\niAĻ34?oe\Č\'\r\A\z\wF\h\:I\~hZ@\\XYV\\"793^\º(쉩xl.dq\]r2#\㑯/\ZnC\\[m^b\Z4nmoeJfhե8\\\6\o-\\Hiˣ@\GH\%k2{*U\Ekp\1\[tb_EWtx|q\rξ\H\ve%hv{3IE\l\+9\f\\D27\r.]}X:\"\èߥ\D\ȅ\0I\]/F})-\\[\\Zk9 \r0\IЋj\nk\ksXbm_c\\Z\\ l\eV;>\\\o\vj0TU؜7HD\\\\\j\o\h2r,֍J!!\i%8ꥺ쒡{\6\M]uT\ێ\&\rC \@ya\\&eq\'⩱9\\	u\B*+G)s\K\'\\uZ\~\*r\\\\NJ%ek剁\0\s~KYU\\\97%\\W\W3{:\itt>\\h,a̽n\r\\IfѤ\}/`e;{,\a8\\\'W5/O\K\\\y6u\\@\0@\0 \0\0@\0 \0\0B! q_.<w\npO\\~I\e\lr\\\VOǏ:|\"O|\\|D\+!k:5^K\>Ex\\\\Z\3wJ\G}u5\WX\&hE\0\ZkdDgtlMms\sRGvCTT\X#v\\\\ki\^uZ#\Z\0\"\Fh#\'\V\\>2Wt\ZFM1WR\\\X5ԕ~)M{/V5\\.\\E\\Ԧ\b\\r/Y\36F3Z\\Cz\6u=C>\0N̟c:\wQ\[V!T\4ms\\f\]F\\6\o`vA.y	\r;Gf˛-`u䬴FfFK\Z\X8\\JZH\\2\%lqGR\\wP\Z\:iygR\\r{:WLNgV	\\\\h\iy\w2:\3\\x\1`\\\[\{\Z8Ć_P\\Y_}\\0X\\\\\j\fCl\\\\n\ٓ\1YnQ\ٟ{@ߟeVIy\Q\g\5솢u7[Ej\[\?qT4h.pfȒ7\q\\rp7\\BvK\\CZ\nj\s\\\\.v\* @;HY6mJ>7\'\l+T`\07\nR~ʺKK\\\\ZH\R\a\\4\0\n9\Q\Ѫ\b(g2\!\Ϫ\,4\\` 4Y8kč@ kUWև,K\)n[\Ut\"\\H8z{\OuӎF9&\Vi&8\K\k\0	\\\+M^\$\\\tZJM\@M)ĸ\[LN\6&%Tg\fp[,2˃\I\'^\xgN\j.GX\\Ҥ6Σ\8CqjIucIn[ZdL\\\4\\\u\'^ψ\x~K\k\\0\0@\0 \0\0@\0!\0\0@\0 ~1\\x\d1h\r%xs=_-\x*jj\l,c\N]Ĩ\\\K!l\@H\]?\ZZ,BF:JS7>_ӥE;\#kg͖y.\6\e\\r]Y+\\_,WL\\t6%\\\\ʩ\)Y\~\27\E	tb6a\C6+.o\Ǣ\R\t\\n%X׷C}.Yǉ\	^(\Cv\C\\?\F=йZ\#ך\QMv\ڇ>B,Y\T\kX\٠\\Z}\r\\Q\\\S\n\cv[\Z\0dj\s\\ru\\\xF\|exT)]Lyv\N\b\\\/z.\lq,\lNc\n:M4Bۓ\/?\E7\$a{;\!\0uh)7\C>5\Eq}Ć\0M\N\\Y	9FR>R4\J\)\\\\Z\*뉟\6\^SsZ+{ك弙\\NރJvkc\.\Fč\S\%\\\.7s}y^\`Ye\/$}U\.\\\k\]\S\n8mF]F\\jhVV^1,\m]p\0\\[\tnNS4X\E͐\\;\\i)=,\\\+_D4\s<d\rY7U/O]~kٸ\(Y$9\\ʝLv\\#_\Yv\kFQk\3\Zuٟ\#\6\e\\\0\n\Cts~\#v%\y.\rH\Ȝ8\U;z1\a4&\(͗{\ȯCI)\I-.\8lo,m\`\Ɩ)ZlU\\\!%\0Z\\6:B%s\}W$\\%\\8:V2h W\\\:6\\0cms{9n\\\\\U\xʱ\\0\˪\0\0\0@\0 \0\0@\0 \0\0@\0!\O\\W\n\0\'n]\\0\{Xtt.3+	7%\.\+\\\"$\I+ەH\6j\\O2%RH\:6\\\\L{)-\"WKU<lOOk\\J\E#)J)\BwH\\r\g\'@/rYT\r#\\\s}oH\yvYA\/\];fdl\\;MI\"\0I34\\w\\\\)\ub\\s[qq\\˴L[:\r9+il\W32\Nw̑˛3]f\Ts!!\"$;\X\\yZ~\\ͷU+>\u	h\4|\\Ohe$Yf\\etBH\FǱ\èPE\$\fE@\P\H,K\\nʽѥ\pp؀	\n\kfq\ynMJwe\\\ldh6\0,f\T*،r\N\\^\$]]E\\ݖݭ\%~+jHqcK[\e#5\\k\Ԙa\%\',\\, <\aی\\SDZ1la\\ԓ]\ohs\ˉ\ߛ\\V[\d;\cŭ\-\m}݆Age^D*\Zz=S\7$\)ž\\\|m-ehYXkY*C\R\#9r\;(\&\F\\\s\0S^\9\ZpV>\0\Xk\e\DH7\r\nZѣ{0^\wrG\&27:VF\Z8טV\ل0l5\ȭ\R|0|7V\]c\b:,d2q5ه-y\y\\[*x\oSD\ɍ\\$\\\\0$.\0(K\{˾Pw\0p\\9a6\\\X\UB\\Z,\쬤謠\\\Z\?Lcm#	Dj\\\\Zǵڹֶ-1\\rmXah\]0ttAS:\\\{gߘ?l\]Qֻ?G)ak<N6\nm\\e\d\g>cik\r#M^\\\w6[A \0\0@\0 \0\0@\0  \0 \0C\j\\\\U:\ߠ^7\3\\\\\\E<ն*{	6q;\\=7\B\ur\\\NYR3\\\*\r@=\Em\w_E>\\\2\0Q&\~\\#{\Xfk4k\>XƬ\0q\Z\4\U\\tc)hQU\t#iKEq]\!㋛\p2)[\p7\+I&\	\fon:/^$_)Rn\+H\Lz\\omNE\\	_\MPM\	\.}T5x:\t=\Ơ\"t)\r\'\\\0I\n\4~jlF\\v\\Z\ܶn=\6 \\@:D\"z\i1\rʦj\\ZdC7\0%d(\KmG\\U\*#\!䋴m\\Ykw$\t\)\!vIi6\&]\?U\6FHin5G\Z\\ds\C\#Ѳ)MŁ\rZ<[\J:\ZE\\rK;C*&vf\\k\,\\\\\3\q\M\Ѯz\F\n\\5˖sK\\rCҸJ\9C=\#{:\\)ID\r a\\헯eu]Aٚ?%дXTkEŵ\\3T\\\\o.K&\z/|ؗq\X\0Njv:R\KhBS\FY2\\Z\\v:jIxh|5\_{Yw\\\#\\\r\Od\%6g<, Y\0X\0\$Z<\|\\0oUSq\&096i\\^o\OMdtM|*\;\!\TJ\m!rw*\Q\b\|@mVmdIvD\QLDf@\\\\OE\0\,\.\n\\e?H&u\nH\bX6aeϺ;\"\vNuME5,$\3$}߳\_gK\>\nhdy\r+\Z\\k\\`>w#X\`\0@\0 \0\0@\0 \0\0@\0 5UT2Ipk\\O 8#\^3\zE\ORD݆Q\2~Iߍ<ۈ\y&1p;\sZ\Wɤ\bC/\\]#6\O\S\!-VV7E\\fh\v\M\\U\\L3\\wy\Y&E\k\"0\|z&Ƣ@\?W8\O\\CIc\q\+eZV!\.Qkh|?\Э\4\_\I\r/C\?@o\\jS%I#k\x|\\s\-FDUkknp$Yj-\4\#\HwC\ivf\"e\.HP\\Hd-Gt?Et\M\Zd\\m\ZfRG\\\A*mqt\ye \V\\<\U$\9a\\'a`zڢ5\w\-ȍ\-NQr\\]Y\\B\rֺ?pUCIcwboou=IPӼnab|ʱKِ~l\1:E7B\\c|E\\0sB֟F\<:F[K_i\\\NY\c/\g\VG`sʨe/	\Ds\:k%nO+\9)\8vG@:\\\(?e\\\5X9Z7I.\\<nk-^\\0\rHY\Z\WhFN\\\\c\\ZS\`\$Ndq\my΃\\n\\\ÌcH0\0h{k\\\"˫ܺ8!cc\\\\\r\\:8a3\qhh.7?\^\ 4\\\\\@+BV@y\߳n&\La\\|-7\\\cu\\Þ7\vxᒾOa{F\Ɗ\{m\En\\)\.I\NLaP\\0k[\\-\\LȞ͔}JO06F\&\b9.9~ɼ1%krxG\Kb\vuZȡ)o\\\Wg>xqgӶGd%\[cLI\FD\8Y\	\\A\{\\L@\0 \0\0@\0 \0\0@\0 \0\\SC.%\\\\|\D\9鲤\h\\\_&}M%D.\\\<\J-7g|⸜\\y;\\ZM]\\Q\R\ّ\\d\ʛ\V)ɰ\Z,\Zt\l\L\"\\\\0\]vgcP\ɣx\\'SKHqO7y\Z\.T4M\\{Z$4\\n\Ė\\T}I-~W[m5V\\"fd70> \\'4KJ\{\+X\Z>[P|&;\è\\ci\r\'^JOp\\06F|,5ET*#-$7UR\\*\{ͯddthtߌic\n\u\!\\z h\\\\ۡ\WNБ\\\~`XU\3\\\5\Z($c\\f`_\\\\ak\~P.\sf\^&2\D<{M$kS+\ZT4\\C\\n\	\9\Bf\ZnK	hP<ó\ͽЯB6\ew?\=C\\ImξjѤbZVXZ\\t\0\uǒ\\\]\ne<\熼\[NJ#$և\Zz\\G\F\\FѥIj<=ՎlF\8ؾ@\K>Ivh&#\\\\1kh,i˨-OO+\\\_{\\NR\<{:q 	\4\o5noњA\;<mtx|p\\e<(\Qyះ.%\)Lᓈ\\\\0\}T\]\".8{=K\\0\8<\\c0\ꬁθI:y\r\f\37jz\	h\J(\\d@\\\0X\0\`X\ER<\\+\~!x~>&\ov\r\\[\\\5qh\\4ωx\\\\~\qT\F;d9@hW\'\07(6:d\YjF\,\\r7o4+ymakWw9\\\\]Tqݲσ@lڦ9G[\d\r\\0\\'c/{\\r\e\\N\Og0\E\'Z\91\h/\\\\/ٳ\\^OW`\A\0 \0\0@\0 \0\0@\0 \0\0@(p\/CS\0\\"\\\헍\ǌ^\KÞOq>RS\/E\d1|\4j\\\7\\((9\\7@Ԟ]/\\rem\\Vf:I%N\AB\\6\\'*.c\Qen9U	ѯ\5\\\Û-\Mf\01\JtU\oY|$_\C\2X);2E󽗾\R\Ȣ˅P|]+$+p觊[Hb|t\wsO60mQbKN\Gތ=É oSfp\O\O{D\dnv5\q7\B}\"7y\.T\r\Z#C\]\n\\tW\9\c\\\tە\\$BH\rv@l\ƾ^[EeoCv\Z-ݲtjtX\0\!\Fk\`ŮRWz^\M\$iը]\\\\mc\\]eRS\b\\\g\\sԕǒ\׎Tv\΍\\y.G(*L\Qa\|\cZh\gRJ%#\){#UnDmV=,\ri.h4s7X\7h\:\\\\Z\9\Y|6\,0&_\r\Y$\\0ܐҵRZKgѾ\&\~e}4s\\#\\\6[\\qr>o\\\7GIlpFƴ5`\0\\H\\n\0@s?,z>\O*\\35nsk\]d\-\)|qƀ3L\Bw\}JI*d3\2y\*\0EF1\8\qѶ؂Qs\8Zs\E2%T\\@!/xy\g\U֥՞kODFCA˭\tU&)Q}\g\\{n/e\\T\\\7\0\\\\z\nd\#\w#\k\<\@\0 \0\0@\0 \0\0@\0 \0ڏ\\y\\\\Z\\Xy\麤䠭y5|\\3,_\=N/]&!<o`\\\͒Y6\g8\Z<\9e6bZ\@]DKȭM\w1\1\q#@\ɶF\:ܻ!j\i\\\\IZƨɽ\k=Ď\\?t&\PG<VoYJ\f\\dXie\͝\\\kCFU*n\KQwOsrݻu\hf\\Q\`2X\WR\'4\҃\3E;bu\z+D(dY\#M4J7ME(߲\\\\\9\\{\ p8\a}m5]%\,-ᾀ+䍒zpn\\\Vo\9k\:.\\7\&p@3\#QЕ\jàoݸ\\\\A{!q\y\\.\\\\\R3tV&k\~v\0\A\-{cYpZ\\īz\\ZCYXH\r\\\\+Fԩ%;4\oiPu\R[\i\!l\!X\\\ \l&m\{\\_$\s\rݟ\\\\Ӵuc\ɀ\(p6\\69v\\\%PM\Z+x(\C}.h\H\G\T\\\7Ӓ\}pe\r2=ѿ7\\\\:U\\NF*&${Ự(1\\F,\v<\ng7\p\o\{>\~\\\;\\\8kC@@6\RH\0\0@x\']\\0a\jz8\Z*\7\xO\\W\\\sg^\UF׉-h\RX- ~k6Ί72\s{\0\l\gQ\9:\s\k	|b\"q=\;j\\\]\ni\b\a\!\9]\4\^9=G}#p\<G7;fc\mgD>3\l*\\p|t!H\b\\\\\03GW^\0 \0\0@\0 \0\0@\0 \0\0@p\\\/p\t\\\N>,fW\!-\r75m\o\\C3\48@\Z:e$\ҿ.;[\	\m\Zn\Ί6\rXjUYMF\K,-sCEi˱`\\\E\`\qfXjtBˋ\";\\\)+;j/o\s\z\E7$4H\{\"OC<G;\Q\II\1\\sO%Tc)\'36f\7.Y]٪ F`4(\\JZ\N*\f\8sT\izؒ8HnHtïF\%f\tSVU\Z-5H횪hZ\\C\\Z耫\rq|CM\{o)D\,2\Apc4\\0jƸYͽT:-\8G08E\\L\iXY+_!\-\v\\P\\\5\7>Y2&\UP\${\0j\Lk3M\g\\\\mˎ\' \\6\\m\df\\@Fdl\+J셍\\3ZhJ\2Ua\\\ɛݐ\F\\\.\\\\dg\r\EQ7c\\oU\sViGM@\Ѡ ,脑zf\r\be:y\gu\\\0s姼y\\\kf%}\\\4\9Qcpn׶\Ǆ>3$MȖ[\0@\0 \\\5c۟=\X\,Edg[\*WsƊ5\rZc|$mu潻=H!\b\iq\e%f\Q\sc2UT6N\h+\\I2MF&|$],\}溢\Q\M[\'sq\1\I\\JD\ܻ5\\x|b#v\e\)Wgl1\\\\Z\5ݹ[\^\\\R\\0\\0\0t5\` \0\0@\0 \0\0@\0 \0\0@\o\U84\Ľ\pNAy\\\\+>~\fS\\rs\e\\\_D7\\\F˳@5 9~.\\\Z\\\\5\\K\lH>ق4\4e\Yp\,rhśi3)fS{ke8\2\r\\}z\I%{5v%\^\nf2z \\S7na)\,AQUL\کZe\\\Qo\\\٩\Ԓ9Z!S\}|\[\L\\DrneF\'\\P\7T;Z\$\\'\\N_\\t!!\6-%\i\Y5f\+m`\\\a7\EQ%\'\r??w`ر\\@P0Ѹ87.\]G`\\OXe\\\	Xqf\9+9\#E,d85\aU&9\hl\6\\\\\V3\.\69\\rym\4\\NAG\c=3#\\<գ+\/{r2\Z\F3;0nH\ԩo\s1\:|\\E\mPӸU:;88sޫ\b\\db\0 k\xK>\T\h\\:,M\\j]\\\\\O5\JG$8\\\\K\\Ԗ\rh\a䣲v{6\9\\\:\V\\?ᣰ\F$\Z_\ly\\\\\9/C\\\%\\|/\\'yB\0\0@#Zm\w\^p\׸\Z\V9\]{\yr_?\R\\\~2\H\:mW=\BlB\\n\`H屶ꬕ\鑇\m\M-^)tvK34\6\O3\'˗\r`hѬh9\U\VѬpgV\h\\t\\\\P\ov\\\n\\\\\0\\\0\0\0\\0\0@\0 \0\0@\0 \0\0@\0 9G\ofvI|F\\\b\f\\H\\xel=\\rlF\n\	\׶^E\G%h\A,\\r\Zfr߲_9?)q:[f-\T_nC]v\9\\\\rp,u9\\fMB	\r5UHK-cә7ZoEbҼBT\F\\)\\cУtHP\\N\\n\\KX[;d3y\\r4H/DtR\\r\d&Eh\\\\nlo7#4\)u\#]%:*6\[;Sؚ\8[\\\bZs t\Hjs<e\0\\[U%\JH\㔞\\Z(\K.fY\\mPETae7Ֆc]%,s+n\\Z\\}8V\\l\\#M>\Oy\բi\~\5\\rY\\v54\"Y\\کS<U\\Ji*<\0VV\\U\l7SKcu\~)R\Zу)\\\MSl(3HIdmom\oD\*\u\mtm6\\|\rB^C\Hx\\o\e\\Ϣ\-|L\\WFր\\bwZN\\M?\\\)k\i[ {-u\}<Ǔ\ݳp\\D\OS(\\#\2ez=\Xa\\\b\0\r\1\\\\\#\0\\~\|_\O\Z9\\0&\g;9\k;O\YUb\-%+1\\/{|y\pg\g\x\\{T\0\0@!@|\\!¾ q9c0T\\;F\s5\'\\\\cSM\\}ru{ck\NRt^q\Fd\(k؃Z\\[NVY\\?o{\\ŷ\:,䙤dUg\0s\\\uӭ\\`U\\Hh\	f\+%\'H\\"VJ\\sňUf\\gíS&\w7,̨=施/\e\|G\k2o\\\<`@\0 \0\0@\0 \0\0@\0 \0<\0\Q\\ԱaѲ\nzpj$X\Qe\1Ȕ{=\ړ}6\qz\\e\}V0ז\ϸ\27\\Z-p\L\\|\\A!\h\ъ1\		y,g\\\:\0_\X<O\\U&\c}\\J,o\1\.\9\$ءy7e\oFPV{YZz\I\ruf\\\I#!\|\3\)W|^|ի䭌Vi\\r|mDb\\\m\Z\Ik\M\Z[1eY\\)B\Z:\zt\.1EUaȕ^nk\\ZFM3wx\ܬ7[4++KBM=K[9\xI\G5Z\`k_\6e\\\\7q^+lqŵ\^R\\)Ut\5Ikx5\R~\i\iF\5\f\R9\|9 \\'t4j\[rWSi褱\eU\r\O®;\'Z\L\.q\\]\\䙚隣s6w\\_S\\n(\W\ra#I\0\=\\a\2\\\É>λ\5#0/+{\\\8߳\\r\\Z\0\(\n\(W*L\x;i\H[\5<\\^\\0W>}UjNo#hA\؝6#G;@\\\h\\ȧM[S\\b \>9O\.gi\\穫=\\3Lةq1+\\\\\uC\ˁ\O\\\\\U\Y\\0p7\T-e+\5\y@\zK\l\\fX&\\\bt\\s2f\+6p^dL\\Պ\0@\٢7,\\y#\\߁N-Cfbu;,\j\r\\I9n6IK]uNw\sE\\;n{I\ZDp%K\2\c\\u\+$\\\\\\\)p\Z\@cv77\?\M\\\E$u\\lQ^\#\\3ӟ\r\Ni7\\\\'\\01Qݗ՟0\0 \0\0@\0 \0\0@\0 \0\0@a#\\94nI\\\qkئd֒\^\\rW\\G3l_\a7\\lBG<CBn\\q\=\\\c=GN\\\\na\7Пs!\\ZB\22 ;<\\e\\\縗\I#\\\>\\"~<\a\\J,Ìұ]_P\\Z\\BOHr\\>\+\	q\V荳|0|?\Zi$\0ߗ\*\mҳ\\\\\kYq\ZrN\\D\/D)־\0x\MV9\\wD\YCMvG&\ys\\WKQ\G3Iild5t\\\\Ye!\1&;]\\9\ya;Z1\k߆\f\r\*N/eQ\i\(h\;\;l\^Th\tu%\v*&MR\b\0<\\ZfK\\\aETB\Z4\E+E\ޯ\\|/{\1Q\eE8_\k\\0\\Z\\\J򓳠\t\Z{\X\\wqE\Kr\\Ckee%\N\\T/6\r\-\~\\^\\\y\\\V44O)ti\\W^\\C7\'\Y\ \\r\\Ꙟ5\\k\Ľ\EJ\]M\4}J朗\\M#\\YC\\[8\\u\\\WG\\?\p\\Z<:<^K\0u\8\\\|יZ9RhX^Kt\тe 5(\`\"ڞ~k\\\rY\rl,qܳ.\\qgIItǘ>*߳\\\ڌ\^\r4t\\n\0\s\An\q\\Z׏+\=\0˙\.$\\r\\ޫƞ\'	:=\y\gbl᪚ij8\6N\/c\0\"QOG[GWџ6\0 <+\0Q{\.ƛ	,};\\(\\\Ou\\\g{ۉ\\Z\`\kl7^=#ݤETǘK\\\[\[llNiZۗY\^ͣ,\5l\;^\0.9+\u\O\\\Ƈ\\6zYjΤ\nh)\ڕ\%K=\댜/U\Z\v#_\{\\ePΗ\\\c燒\ze}\\\0\0@\0 \0\0@\0 \0\0@)Ka\\\L\)i{\q\YIE[%\'\'H\wo\0X\hRVP\T7byk\"_5\|\\\\Q\\\\%Pɥ{\͟7\\]y|^E\[=nb\\\A`\\\+\}O\'\ͱ.%y{\{\\\\\\\\ʻ@\\0hq<\1bH\ά\\,v%]V<\\pT\\n\K`\\Kc)Jb.dv\\\8\tO&(\;\p5]\f\\.\"\F\Y\\Og\0\ͦ\xW\\;\U\0kFT3qLP+kG 9\\LKk\\E\JG\\'\=\nQ#G#\b\\k\O|a\\`m\\uY55\O9v9\g\J\U\\-\H\\Ton+\ak\\־FYOL\\\s\>9c\WS)(ʮx~O\)Nv| -ލ!QD>9 >\r\Zů^9\Z\rThԚ\A,޽r\\\\'ͅa\Lƌ\䇻c@N\U+\.*ʶ?qNV|G\0\\f\\0Э8\\^wFC$\420\\Tt];:`r\2\d\%@\"G\F֋^;# \0\\	W\\J+\\S\^o kNῺ联ߦWj%a\\G;c\r~*[4\\\\X\8M\\TU\\\\I\\\u)\\}F3\\Z\r3魿\RVh\ٳ;[S.i$uCN\и5\3{:\\\lٴ\\o\Z\\x\9\!P\"\@c@\_S\'$|w.>CV\M\\\}\Za	H\\en%f=?bo\Z\sN\H)&\QվX\G\nJK1(KX\\8\6\\Q6\\8A6$5_vM\^_$z\E+%>=\1\IqH%l\\Kl\rŏ\\駳_\"\\\\ح\jֶ\\e=\L^)}3.|_pTg\\&\9,\\u\.|\獣Ɵ\ʛ>P▋=\u\\}]鋳4hM΅E\\7\\v#hJ\HCB\rH76cs95hυIfoyEp\\rdNPt^0\nxk^\c?\\~Υ\\{ @j\E\\\r\\5_\\\˄\xexq\"\ؑ}\6Gq\\\\S\(؂Q4Lx\8{Ң$\\\ZF\b\0 \0\0@\0 \0\0@\0 \0M<{\a\\Es0J>\\u\\\\;\s\^Ϡ\p(\\I\\\\b\\AĒ}/\\9Ԥ.\]\8u3\\\0X\05%f\A,\"sj*2!\qym\󷺏ٟ:\\q|jo\{\[\\\^ƙ\s+G\'U%s)5u֑\rfy?i(lχS#\\\j\:0U\+	ɸP\\e1Ś\\\ƒo\\T\2w\nRҵ=KE\\JW9F.7${?ᯍ\\\ގ\rf[6+\\\\O?%]z:ݪ;ح\$2#\-\Rƈ\\\'\9\PJh\`\;\-ʊ\!ڣ\Z\-\'ʮ#\\D4JG\U\ݠ\RG<q?8\\\n	/\\\	)\N\\nQ\z*\}\\\fZ[F&Zɪ\$sI6>Ie\\'zgy\\'aDLuD1TԴ_\$4sQ\Y#\Ze\ZYltg\\>=V\\l\E\",X\M\\?v/(\.g.*\jA\/3\Z\\Q\nlqfh\\.yw\\\\\re\\9\d<\\\3}|ҟɓf \\rНH@䧭i{4822HivuQz6CI!9|.v>]6Y&ͱSK΀\װ$?\\~\KtKQB\/kv=?\e)|*5\\|Tcg\.9;gU.\'_GڽlOu]Uu\\\ھ%\|w\Z\\\\\\]RsBVR\h\ZH:fӋh\@K\Z\D7i;\\\Eę\Z`\b$\\+-B\\N~\\E\DwxpkͬNo+\\\x\Z\n\\eC~w|\X\T\!!O\Z{=a\\\e\\\S>9n|\+Ŗ\yr\\\0O~=\\S\S\\1ѓ\j4_C2\^\~C\J>\\\\l\\\0 *\S὚\MMQ\xeIu\0\0[졖>*b\]\\h7/[\b\(fP\n\s\\YM=6Դ7\\T^LYbwvKdnʭ#NO[\\1\?7׽\\\\5ucw\}{\sw\6\\\^~N\\~1\i#PHa\ql`\ xoN\\O\=\r`ؔ\D\#ݫ\>d/7\y?\k\\0\\'\\\\}\\n\0@\0 \0\0@\0 \0\0B,BlJ\q#8o+\3Y팆[{\4\07&m\|\\\\3T\enA\\ԯ)\\\C\Z8\np\g\\7\/\\'V7]y(\\)9\0\J.f7s]+#ˠ^L\z=X\PP\\G\coks^ׇ\yQȦ`l\:2\Iu΄\\\\yq[\\^8\Y\F\*sS|\|쳚ƍ!J\2)\\<\{l-\⒣N\{rJ\;l\\r2i*6mbq\\\\Y,wiI-3[\ݱ\X\'-#\MĲ`\UPr\r.Mn|\J\\G\\e\s\^q˚>c\P\EUq\'+\TZS\\^ϝʋA\!W܂\z#tKBopMU2JNHF2\\˵fs麛Ei\cQ\STAQ\\\Jc\',T/䐜HVw]%\dj\\\\\JHp\l9\\kȏ(\,M$L\M&V\piͻWͶԏJ\\[\\镍\\\(\0\ng܇\\\\\\6\1\\A.-7l	N\As\y{u\	\F\V\x\\x\r[ouL\ud\\\\\\8R7Ì\\֗e`ש\\F\\nbP\F\\\s\ +\\\\,J&&i}\\^\\\>kDӋG\-F嗸^\<H*\\\e\+L\c\\\mFOa6\ʒE\.\\\\\\G\ɸ$o\4\\"Eb\-ee \\gA\ᕳ\\\Z9\5\'~ɞ\\Z\+ct\,\s\y>F.9\\9aBpc]vg\\Ł\><;k\\0\3\\\\%rKG\/;\\e¸N9I>!MKL\\\\\{|\ڧDұ\0\\M5_d];\]\g:\Y.x4RH\6\|\{>4֊\nl.TQwE\\"5\&\|sJ~\x#bEG\\\f\$\b\C\\F\n9hFE}K_ӝkϨ\\	\0\̨\F\sҸQ\Ml\d\\H\\\0$\<i\\x7\Zq\'u49\\B\058g\\.mYx_\_w\yq\a\>\\e\\閻H\\0 \0\0@\0 \0\0@\0 !C\\d\~\"\[{8\$I\h\Zhԓ\e\\\\r$vxr\'#\h|oU\8!O@\\\\0\\\8\},\D\d\q\0ׁ߸|\s\\&z\*\\\؜P\6I_g:\6\#М&y۴j\Qĵl\u\-\dni|BJ\6\r2e{n\\Uo\r}#d\k{8{\Q\\r%9\{\c|\\I\sQNrrJPY\\ZS\Drx͹o[-reË͘#	E\\ \\F\A\6RZe7^y2m\\Sܤr=Udͱ\\v\I!o+(\3[E\HG\ry\]6\\W\VQȚf\"\J\Z]O!\\z&٥\2â]{!+?\ny\HQl\3ݦ_k)n\/`\\r\HQd\6p7D\(\\\\\A/d&X\z%ę¶\t\h\rl?t_$i˝G-.\)Q9нV\\\&Z\#UH\\\nW\d\+\1Jyb{\\\/u\I\Xy|}]<Y\\\NN\6&\\{G0amlns\Iр\UIM\c\;G\0\ZK,\0\{U\'\f\\A\p\/qF\\\\c\nc\0w\-kZ\Z\\\ӧ\VL\WD\Cr\\\^\r6+ٲ\\F\Oqql8u\^\\C\M\\(&:\\Zg\+],#edQ}u\X\\Ǒ\\<\p{<\!	ԗc~ĥq\MN\iue#\-2\\JH\\}7\F֛w;\_\Md\g-R\״IA\QjVv\*q\\\\X;\\,*\\]\eVF\\\\Ə\4o5\\\\N\>\n!\kKH\0\AF1▏-\vk\gk8.+\\U\\\rwn\\s\0<\\nq\v캭\n|]\I\\a\C4\}V%\Xo\ >m\\Tb\\\\\dH\_wpq}Wθ۳\f@NbJ\ZfwYf`NP:\05\+;̪(0\sƄ\O5i\YWRcd\c\+䈵o\L\0cm=\n\\KU\r\N\\=aݣ,pw\Ұ!&\4l\P\ѽ&O\|b\:\ai\WIݙ\L#\\9(\	);\[\\<O3x#qv\\(\rK(X\z\Ƿ5\x\0\5\</\'x\\\xt3	b;m=侗hf(;G\e\<2\4I\A\0 \0\0@\0 \0\0@\\nы\9\\e8\Q	1FIty\.;\0ۤ\=<Z)\\()\8\PFZHùm\!xF}Ǐ\\>2<щ\|\\\\Cj\T\#\yh\Z\8q\\oPV\Qvg?)\D\'\S0\4H\| 3[\WS| \9SɿC^ӵ9&o\\\Zs\N;ĥ\\'6\fY\a\vxˌl\\\JeS\Q\\hna\l/\\>\\\\G?⺒i^\?1\\s`NDS*U\\n\c`u\@\\Eg$ܒD\ty(\\ZnG1\pr;㨗~\u\;\y	\Y\7l\\vz^\>Z4eh\\0\[䷲q&/F8K\\'\G(\hm좋#L %5\\\~Z\G\\N\9bT[UL\.\ugUbH-6p\\>\H\.s@,HA\C\0m[{<\EdY#O@ZE쵢V8\)H\E$z>#r6s\!\\>^d6\V7[rO%b\\&#\|ݹ\wr?e\\_\\ZLP;\ua\m.7<eds\\M=9\'쫛UF\'8Z\p\\w\H\8-\ѷ\\j[&s\\Z{\\\\eƞf\K\?%\(\ \?\0*p\G\	$s_ݳ\\6+\r\9U|T6\}?T\\\\=W\\\\\\ZM\0w=ІC\KeѪУxs\?$IK]\Hk1\n\yܡQAQȲj;L\m\0MV+S}V3\\\\"!\\\UG\\띛!Os\\2\aV&\\*g \[\\l^)#\g\k7A\>-c9vux\Ə`d\\e!\n\N;Bğ\.	\@<.Nuw\\w\|Sg8\L+\\\\L\%˃\2\0\K\\.J\:;\G\M|<-b\vCns\`&\\\־α\mE\+OFf,2\Z\~\0\Ԫ\RH\1VO\uC\Z\\9\[tΕ+q\".\0Z\\\lXܺ3\$plnJY<\\x\6Ǖ2\\.Fh\8[0 W/\o٤$K\\\;E\jY\\7\\65e\\Z{Fmm\r&\*\R9-62[OE\e\v\M\0^b\L\\\|I\Ś~+\³g*⮦x$E#C\\}d\ZӋoV*\0 \0\0@\0 \0\0@#B?1!yk	6\\Ϝ\Ų\.yJ\\_Gm\\0\\gX\r\.x\15.Q=Lyb\Şr,t\\\wD\W\\M\/\uG\uP1\UI2\wZ\r&e\eOڱSG]-l\|=H\\\7*cB\{4qn/MV\%\p\yU\\G?\ln\\c}i\x~QkXOΘH3_>;\H o\浄T\,R\x%bmðkf{9\\n\jN\\\\r<eų\&)Jp=\w\G\\\F\\Q\~yøZ$~w\"\8\nZc\Zy+qeSF1}\\oh\҉{\e/\\i\QD/4\%\i/\PE\\^\n\0\-\\0cY84_V[\VLk/\\k蕢\Z4G\\eZ\O#\\,<<\p\\*V\"\,I6˦SoEZ\M#{0\<?EM\J\\\\\\d\Dr(Ij%7@N^\ZOߒQ݆G,<r\]\\^*͢(Fb\\0M\\\\6\n#ݔ9μ\o\\Y:#\ֵ\\A\teT\\v\܇\\DIijy\\[#Z\\0\o\y(vk?\\\6\mYrO\\\N\ISbt\\\\ruYF\\\Z\[$H\~\d\\'\qnKbK	7,?\\Ȏx\\+ŗ:}jz\m躎\"V0Ej\\E_RZh=+KntE_D x\\Q!\"ޡJeGׇEH7\ri`\gP{!\8n(\2\r\Ve#\H\a6\F\I|\\*$\hY,=\\\G\$\\$}\eK\rz/1g\Lms\d~׽\U7_#oT9s\Z\Zu\Tq/E\n\m\'0ZmuԒ\x\e4\\\q{˓7Kug\*C\C\0yf4\x\\\g\\\?R`a\.77y*Mz4\\"\D\Mw\e1\\\_9C\lQ\\\ά?Z~5-~N;2s%J\$	Y-q\\\\!G\e4\$\)\P\&c_r\}zȮn\u|6v\0|TN!T\\LCY)\!\\o#\<\S\\|\M~X\\n\\\0 \0\0@\0 \0\0@BkYSփ\\u6AYEP97\0j)Q8\\0xk\p\Ъ\FD\8|\xdu6<\\\r\\0M*:΂\"u\߭kK~Q\':(RI+8\Z|f\'Zw*\F1\0}E]s娬\׸>Gg{\,Y	r\]o|+\Z[.-\n\2C\tT\rrH\\\Z,1\Ce\Oap\n\\Z\}\P^\.xA\Z1\\\$٭\(\\[r,\`? %4\|\n&\ʣ#\R,c/_\nΑ62ۯCHMãl/\g/{7\QH:\t\r\\u9E\\/fi\(\cY0c\?DɁ[\U9R٥8F\梋_[\{%\\$X]*(YĴͥ\\q\\qyTķ#qj*j\\\\\\>\Z+\\\i|\/\\-)i㭑GQ%\?\o;DLj\\C+<Pן\+e\\`\6\mMms\\r<˭\ݜ\M>\)*\Gx^@vblE\0=VbBg\*N3^\n칧4vB>K_,\ۥͷ\\sdwAJ-8f/&a1\l@ˑ\gg$v\8Qbpt:\\9\\\YqzF\iW\E+G\J..%,AF#O\\0}T_$>6A}Ӣ	\Z|sQ\Sa\"F \0^KDF\0$!\`4ϧ<\\sVlqC\1\i\AG\\w6\S$\ak\\Ҭ\\nv\\m\\\0=Եopk@\\\\L\wu\\\՘\08\$l=\Zky(6\\%u\`NS,V\\\ZFz\Rio\\\\ZnMºQ\OvV\n\#\\\.\Ϛ\s-.N>`\V\L\4*Uc\Ў$_6\\0\2\f\ri\"\4n\0\\E\Z:[O*ʗ\dd\\@7q9Kn+l\ʥ\GUe@)$\ܒ\\I\0i\\qa\/eg\du=SF`s1\f;YۏBO:%\\\{8\q~6rZ\0qtͰ-\\ڂ=~qo\`\\\Mإ<\rF㫀\0<\N\\2LtG\X\\:\8\0 \0\0@\0 \0\0@\n(\Z\Z\\X\\rA٩\\\\Hӭ\F9#y(u˪\0\B5[`\ZID\\\\0\J ! E\\\oD2i䢉χ\ߢ|q$@G~\\\7$k&\Z\4M\\{VZ\oÃ\J\k..|7\PZ\3cY0\_K\cy0\\EIk\(%2\le7u6^G\|~Oc\\ܟbu\ri!\#Q{\\g\)zEJB\m^\\0 cل.>\\\es\E\*\REM=FWd!G(Y\r\\\C\i\r\\؛rd\\4⭢LXҺ\˚,֑b4[\\\\\\\r\^]fC!k\UIA/gD2o׆\3&\+m\c\\\s2u\\lV69\mۥ\ܡd\_\GcnVrv>\ǉ|Fv{\5>+M\r%M\\\+/\|\+Ϝ\9&\CgFc\\\<&\Cȧ}\Ζ\Pu\*I\u\r{\\\\\x\\Ua\qWB\r\\ktb\!>d(\"ف\簛T.\Tq{j!m$R4\v\X\xފ\\\2xr\ZU\U\SG\\1\7t\ĐO[,jt\?|C\]\ŋ\\SG7s(\Z\2M\q\\\Z;fzL\\s+)4G1m\/6Q\\\C\'%je\v\7Ӣ:\d\W \\9K)\sR_AA5C\\N;\\tqg1\a)Q9f\C||o\couTnhm\:k\\\\\,Q\8ܔ~N,`M3\ZHc\	\[+\$Pm.\#c\Y=AЅάs\Hp\y\_\}\\tGAkX\$Gt\̈́?usg\3/F\Ө;8َlkBQ\Z\md\\sKpi]\\[\0\\"MV@Y}m:W\l\[\tޥb\\\3qIUf\X\[-\\]\Ǐ\K\Ai<x\*k\\<쩂9c9{Cz.H\0\0@\0 \0\0@`L\\Ek1MQYGqA\fF\0@\5:>H*/\\\	\\r\\r}52@\\{!#i \\J k%.kh\Za\\m%%\\Ee*@\j=\VH\Z0C\rэU*\\E}iF\0\\N\0܃\\k \Z7:!:KBnSтvBɪ\8m&̋a\w+A\⏡7Qlᘎ1,\{@va/\\y\\>OY\^\/O\$w0\\r\\\0\!؅?{f\#\\XJӣhWc\\\LF\\0 jO\T\#&^\n\UŦx\\X\\\.\a^	\r휷\N\\ǋl\\g\:\õ\# \\u\<t\vcͫE\\B\w4̹\8\ҳ\j\F\\N`ͼR1ۻ\rJ2\-dYW\υ8*9ŏpi<-fǔH:\h19`9\Q\nk\'w[:^\DvYćvI|\{\\\\\˴|\7\=3E@M_e\7!\4.\w/d#cI\\D\j/\͟\dm<Ԓ٪^\:臮\\KK=\,\W\xz8\(,}W\Z\	\\nDE\x\\\{\y\X\w\`\\&i^Ww\J\\\r-\h\'a\\*c\g\6\k\\\\\==k\E\\	\,h^ FЙ)\9i+\\\\+U0\\r>9pЃmvt\>x#k\0sG\X؅<}\s\Bo#\\K\ج<\\\9*~0`l=l\r\\\gS\ӈ\/\\̀\A\%q{-\7\2\^tp\\\%8\d~9\\\\4QJ3\(\\\^<\.\\\\|\鏸Vb|q\$\3O1\\\n\Go\\\D\I\w[ÜL\\aܦgiؖu\\\7\s\8\\0H\Ӳ7f(XƸ\/]#\\j@ \0\0@\0 \0\0@CP:(\0 jv\\Z\nJ\BƧ1	59\T\\\\\ƅ\i\E\0n\}-䃱\\Z k,V\TuC\\\X\\ܬ`i%0(Bci)U$i%/8\a[[i!\e[7!\!\6H\ou&\Zk%M\\|\$\Q\$\\p\\\qdGL\\\Z62\D\k\\A\XFl\e\"5\l6ls9\\|d\\kYyv_p9bxpq,6;\q|G\fBs\'5ű=H\亣H\\?lb،bt\hܝ\OK~ˡAȊ/ipC5%m;NY[.\Y\\$Ғ$863Ms<\\GFBTJSW\rv\aۦl\J\$vG\4\?%LFg\D\2l\Z\ݵ\y\u\\MŞYqJD>\M,{\\\/kXYu,_\%-w\\Zj\J	!sZj<2Mz9b\-䥛Ǔ=M쾪ϑ\}t\\\dt?\nE\|X\,;M\\0\ߔ\\0pV\5mЁO\-Ùt\$\'ٝ \g\'\x\ᖃN\>\\b՛Y\Z<\\EG#\\ʰ	!B9=\*\q~&\Ӎ.WC+.\XU\G\\|7KG/wUISJ\M̑/-v]yV4iZ\(#BX\(ʇ\7\\/|/fG\Cm\F7d\̜ɌG\0)a\ZvGYq\!O\\uѶV\\Ck\/\xߣ9\V\5Q0jop\2GB\`ն9\[G%.\*\q\f3\\v.\3V\\n9m~U\O\',[7\0/4[p>\"\>ְZ\Z\ō\5p\B4>\؎9䂌\3Ǘ\\\O\f\\n\x3\g\\vX\rx|hR\P\\5\\7&zN\k\\a\rU\H\0\0@\0 \0\0@\nB(Pb\y+Ym\5H[IͺI㒒\rE!&\Q\7\\'@o#;(ς\\\	4>p\\hOK%cgA\u\\b\ru\\]u	\ZmF쵍d]6ƒCYvH\HB$e4`!\nxN[\\\\Oհ\\8G/\|\\>\_\$y\*jLlhk\\^b\8\tT!JĹ-\\\\\Zr&:.Q\$9i\\\p\\\\&>ú\ZZ\\7\G6{\3M7w#\v\I\0X8hxE$xӗ%B+U\{KO0uݾR-p%n9M\S\\\Hctip\\*r4\B4r3L`\9帺$xstXM`6\0\\_\FX~\\/\3fEQ\\#Z\FO\x\}o\9]=P\\@\\\zy\\=q\!,\LX浦\[pG\\SdKƒ^9EJ#)14l\\\\/fƦ\19b]4r\\Z(\R4\Rq\ u%{i4V\mܭnI\3W\)HPv\!8s]\rSDX7\o䦑&p\rSKfFNh!W\"\z\\Sڰ*t\?\hd_\/g\\.\|9?\\U	\ױ0φ\j6M#\npǁ\B~IUX,\/1\\\\u,C\h\\\0\h1n\\Z<I\\W\J\\U\ƣpyK\E\\?BF6\e%76\`\\b-\'\HSvT`8W\rv\O\$\x&oAD\3\0Yx\\\\'\K\\t\'4.\ni\0\\0?(&\\\0\\RXP\0@\0 \0\0@\0 \0 BNH@X9[\9\w[njS\rniV`X5\Q\5I_\HK\[ 4>#\(`\a\\\ZSH\Զ&\ta\ZJ:(F\#i(7˪5\f\U\\ZK@\\\\3\9\G0\\]W{!\k\*V\A\w\n\甛/\\n\\\'\\Bv\p\y݀\pA\\\\82k\\h\\\I\\[\\re\\ZE*\s[A\\\\\Zvwb$^\.\\\\\\Gǔi>2\\#\\0T/S\\\\\y;0Hk\OkZ\:Rxd_ŊȜJl\;2\\rWW+IM\YG\`cn\v\\*3|\r$pjX\\l\\p\*|[g>\_\'x\VRK\r\u\q/Z\g\J\nx\\\*\\\8	\Z7?u﨩n:Eòz\U\e_\;\#	\r\\]3ħsFrÝ?LU\\Z\\ʚ|\\d`\\Z_\$\(3o\\mMvvl\\\Zm5\'c^\q\IC\\\)ciE\%4.\\\09{)f\ZKRA`7<k`\K\\?A\\d[ \\䥋2(H@!d*H \0\0@\0 \0\0@\0 \0\0B\K6M]M_2\у\KEbMR/f@`c@kte@01\B[	b\N\[\;\07BM.:\'B\]I}P\r2Q7}F\Ѐv\@\JUuMlt\	 \)rZ-ec\0L#9ie.\\Y\^?|n&ͯ;]|_\`\\\MREV#Q\\H\\8׫\Ty>JP멯\\-a`\h\i\\H\QEÄhC(Y+M6?+\/T,\\p\3\O\\H\iE$\\˛J\\\/%)\0S\=̌\9\;\ą\y1Y1\\O3\oZLǰq,\\\2؍?D\\\Àj2\4w70\k\1	.ʚy\vI\6Ա\\qq\z\h<\\\\\cnk\\k>-8r\<?Y\Ѯ;\bY\劌\UİF\cn\\^i:T\\&>\u\2g4nƸ\\\tx:\ܾN+\/\N\\<\2X\\)@\\ej\"\m\\\AGb.\#\.\\-DD[se\"\\f\eY6\J{\"̀@(H( \0\0@\0 \0\0@\0 \0\0@\n\!d \0)Xى\n]T:1-\BJ0,\05Ldz1\7B\ro\\t&-lB]+(A}ScfA\\n	5>\\!6i}\څ\r\ErA\ZicIp\\(\\&ŕ\c䙅\\$g;s\G&|\8-+\y\b\g伜*\ΏG\\'88\u)S\\$;@:\\\i\YfS9F\͠c%dE͵\E\\R|T\\n~.F8\\ZAӖ,\;qeUET\\i$\˕\\\#1|I\wN9C~W\1\}юL\\R\uBQ#Eu9\\F2#\z\Fֽ\0KǊ\CZ*\\iLb9[}n\r=\n\\8\T\|\X\l?]\T:L0\Z!L\\%+\84\젮rx\󲴲\=\+\\"34\\\\\\\xS.G\6̫1X\\\\So%\V\ÊiRGɍ\c\\~\r\F\Z(1Cx:QMf\ׇl\{mI\V9E[<ח\>\\ǃ\41\畡|cZ8\\'LkH+kb6\\\l/dml~JE/r1(\E:\\\B/!!\Oe\0Y		@\0@\0 \0\0@\0 \0\0@\0 \0\0B(BB\ \ \rXlXc\\f.\N\L@ ћ 01o惱X11\\\@ba\\@b`\'m\w]PjӨ \҃\!&kW\5c+\O\rST>\\\r[٦Z\Cry\\*&Ed\~\\\\**ds\'pxknCtoA\gײT]\\\\W<\p\f\(\\E\\0\礮Yp\$\(\\3me\tmDg=\\0\\\,f_8S]$vj\\&_Uf5W#\7[\^[\c\\O\%\Ŏ.\\\ZJ\nOL\Ch\\\V\'㼏L\>OD\\d\|C7\\e$׳O\>8?\\\G\A\\\tWW<9\M\tȓN\J\^hգ\\	\N\\|\nb\\\\ܭ\\B;\s\4΃{F\0X.\Z2r\TA+m\4V\\\SݬDY΢\O@\\,Y\0\Gad@X!dؠ$@4BA@\! \0@\0 \0\0@\0 \0\0@\0 \0\0@PTe@@(\\0S`,\"\`2`\\\S`C%!I}\\?EIt;,!T@)\\\@}M	\a\"\P\0\A\AkeQh>\֍L24\Z )[qᲛf)A)U\\˿\7U`\\p\\rZ7,\\\\\02ͯ\T\v7PM\n	BA\0 \0\0@\0 \0\0@\0 \0\0@\0 \0\0@\0 \0\0 \0@   P-\0-\Y,\He\K L\d_%\02 \2 2\0dX\((,27(,P\(h\\06\dmT-PY\n\! -d\0\0@\0 \0\0@\0 \0\0@\0 \0\'),(5,'newuser','SP5dBQ/utkw3kB+3BIhmOA==','Luke','Skywalker','newuser@mail.com','newuser.jpg',NULL),(8,'gaga','SP5dBQ/utkw3kB+3BIhmOA==','Stefani','Germanotta','','gaga.jpg',NULL),(9,'gem2','6yA7XytWkXU9icVdskXH8w==','','','','gem2',NULL),(10,'gem','mFW39dMWggQoo+R103/xTg==','','','',NULL,NULL);
/*!40000 ALTER TABLE `user` ENABLE KEYS */;
UNLOCK TABLES;
/*!50003 SET @saved_cs_client      = @@character_set_client */ ;
/*!50003 SET @saved_cs_results     = @@character_set_results */ ;
/*!50003 SET @saved_col_connection = @@collation_connection */ ;
/*!50003 SET character_set_client  = utf8 */ ;
/*!50003 SET character_set_results = utf8 */ ;
/*!50003 SET collation_connection  = utf8_general_ci */ ;
/*!50003 SET @saved_sql_mode       = @@sql_mode */ ;
/*!50003 SET sql_mode              = 'STRICT_TRANS_TABLES' */ ;
DELIMITER ;;
/*!50003 CREATE*/ /*!50017 DEFINER=`root`@`localhost`*/ /*!50003 TRIGGER `before_delete_user` BEFORE DELETE ON `user` FOR EACH ROW BEGIN
    DELETE FROM diagram WHERE creator = OLD.username;
    DELETE FROM collaborator WHERE user_id = OLD.username;
END */;;
DELIMITER ;
/*!50003 SET sql_mode              = @saved_sql_mode */ ;
/*!50003 SET character_set_client  = @saved_cs_client */ ;
/*!50003 SET character_set_results = @saved_cs_results */ ;
/*!50003 SET collation_connection  = @saved_col_connection */ ;
/*!40103 SET TIME_ZONE=@OLD_TIME_ZONE */;

/*!40101 SET SQL_MODE=@OLD_SQL_MODE */;
/*!40014 SET FOREIGN_KEY_CHECKS=@OLD_FOREIGN_KEY_CHECKS */;
/*!40014 SET UNIQUE_CHECKS=@OLD_UNIQUE_CHECKS */;
/*!40101 SET CHARACTER_SET_CLIENT=@OLD_CHARACTER_SET_CLIENT */;
/*!40101 SET CHARACTER_SET_RESULTS=@OLD_CHARACTER_SET_RESULTS */;
/*!40101 SET COLLATION_CONNECTION=@OLD_COLLATION_CONNECTION */;
/*!40111 SET SQL_NOTES=@OLD_SQL_NOTES */;

-- Dump completed on 2020-06-28  0:22:15
